title,genre,release_date
Agatha Christie: Death on the Nile,Adventure,2008-11-19
Age of Conan: Rise of the Godslayer,"Action, RPG",2010-06-01
American Conquest: Divided Nation,Strategy,2006-04-13
Anarchy Online: Shadowlands,RPG,2003-09-18
Apox,Strategy,2011-02-25
Arcania: Gothic IV,"Action, RPG",2010-10-12
Baldur's Gate -- Enhanced Edition,RPG,2012-11-30
Baldur's Gate II -- Enhanced Edition,RPG,2013-11-27
Baseball Mogul 2004,"Sports, Simulation",2003-04-30
Baseball Mogul 2009,"Sports, Simulation",2008-05-14
BattleForge,Strategy,2009-04-01
Besieger,Strategy,2004-06-09
Bit.Trip Presents: Runner 2 Future Legend of Rhythm Alien,Platformer,2013-02-25
Blitzkrieg II,Strategy,2005-10-03
Bloodline Champions,Action,2011-02-25
Breach,Action,2011-02-07
Casino Inc.,Casino,2003-04-01
Chantelise: A Tale of Two Sisters,"Action, RPG",2011-08-12
Chaos Theory,Puzzle,2008-06-11
Clones,Strategy,2010-12-03
Codename: Panzers: Cold War,Strategy,2009-03-09
Commander -- Napoleon at War,Strategy,2008-11-04
Crime Stories,Adventure,2006-04-10
D-Day,Strategy,2004-12-09
Diaspora: Shattered Armistice,"Flight, Action",2012-10-24
Dungeons & Dragons Online: Stormreach,RPG,2006-03-22
E.Y.E.: Divine Cybermancy,Shooter,2011-08-05
Empires: Dawn of the Modern World,Strategy,2003-10-23
ER,"Strategy, RPG",2005-06-09
FlatOut [2005],Racing,2005-07-15
Frontline: Fields of Thunder,Strategy,2007-04-03
Game of Thrones: Episode 1 -- Iron From Ice,Adventure,2014-12-02
Geo-Political Simulator (2008),Simulation,2008-08-05
Gettysburg: Armored Warfare,Strategy,2012-03-30
Gravitron 2,Shooter,2008-10-23
Guncraft,Shooter,2013-08-27
Heaven & Hell,Strategy,2003-09-24
High School Musical 3: Senior Year -- Dance!,Music,2008-11-06
Hitman: Episode 1,Shooter,2016-03-10
Hitman: Episode 2,Shooter,2016-04-29
Hitman: Episode 4,Shooter,2016-08-19
Hunting Unlimited 2009,Hunting,2008-09-11
IL-2 Sturmovik: 1946,"Flight, Simulation",2007-03-23
Inside a Star-Filled Sky,Puzzle,2011-03-11
Instinct,Shooter,2007-08-27
Iron Warriors: T-72 Tank Commander,Simulation,2006-08-31
Joint Operations: Escalation,Shooter,2004-11-23
Journey to the Center of the Earth,Adventure,2004-03-29
Kentucky Route Zero: Act 1,Adventure,2013-01-11
King's Quest -- Episode 1: A Knight to Remember,Adventure,2015-07-28
Lords of the Realm III,Strategy,2004-03-30
Magic 2015 -- Duels of the Planewalkers,"Card, Battle",2014-07-22
Magnetis,Puzzle,2010-01-13
Marine Park Empire,Simulation,2005-10-30
Massive Assault,Strategy,2003-10-21
Monaco,Action,2013-04-24
Ninja Reflex: Steamworks Edition,Party,2008-04-16
Orion: Dino Beatdown,Shooter,2012-05-14
Out of the Park Baseball 10,"Sports, Simulation",2009-09-08
Painkiller,Shooter,2004-04-12
Paradise,Adventure,2006-05-30
Penny Arcade's On the Rain-Slick Precipice of Darkness,RPG,2008-06-06
Penny Arcade's On the Rain-Slick Precipice of Darkness 2,Adventure,2008-12-04
Penny Arcade's On the Rain-Slick Precipice of Darkness 3,RPG,2012-06-25
Penny Arcade's On the Rain-slick Precipice of Darkness 4,RPG,2013-06-26
Perimeter II: New Earth,Strategy,2009-02-20
PlanetSide,Shooter,2003-06-06
Port Royale 2: Cartels Construction & Conquest,Simulation,2004-10-06
Prime World,RPG,2013-10-25
R.I.P.D.: The Game,Action,2013-07-23
Rail Simulator,Simulation,2008-02-25
Red Orchestra 2: Rising Storm,Shooter,2013-06-27
Return to Castle Wolfenstein: Enemy Territory,Shooter,2003-06-02
Roller Coaster Rampage,Simulation,2012-07-02
Runaway: The Dream of the Turtle,Adventure,2007-04-11
S.C.S. Dangerous Waters,Simulation,2005-02-28
Saga,Strategy,2008-04-18
Seven Kingdoms: Conquest,Strategy,2008-05-12
Shadowgate -- The Classic Adventure Re-Imagined,Adventure,2014-08-22
ShootMania Storm,Shooter,2013-04-17
Shot-Online,Sports,2006-09-15
Sid Meier's Civilization III: Conquests,Strategy,2003-10-31
Silent Hunter V: Battle Of The Atlantic,Simulation,2010-03-29
Simon the Sorcerer: Who'd Even Want Contact?!,Adventure,2010-03-22
SpaceForce: Rogue Universe,Action,2007-07-18
Spandex Force,Puzzle,2008-04-04
Spartan,Strategy,2004-06-08
Sprint Cars: Road to Knoxville,Racing,2006-07-28
Star Trek: D-A-C,Shooter,2009-11-12
Star Wars: Empire at War -- Forces of Corruption,Strategy,2006-10-24
Star Wars Battlefront [2004],Shooter,2004-09-17
Sudden Strike 3: Arms for Victory,Strategy,2008-05-02
Supreme Ruler 2020,Strategy,2008-06-27
Sword of the Stars,Strategy,2006-08-18
The Castle Doctrine,Strategy,2014-02-04
The Earth Defense Force: Insect Armageddon,Action,2011-12-15
The Game of Life: SpongeBob SquarePants Edition,Board,2008-09-10
The Political Machine 2008,Strategy,2008-06-18
The Wolf Among Us: Episode 1 -- Faith,Adventure,2013-10-10
Theatre of War 2: North Africa 1943,Strategy,2009-05-06
Universal Combat,Strategy,2004-03-02
Vanguard: Saga of Heroes,RPG,2007-02-27
War Rock,Action,2007-02-21
"Warhammer 40,000: Dawn of War -- Winter Assault",Strategy,2005-09-19
"Warhammer 40,000: Dawn of War -- Dark Crusade",Strategy,2006-10-09
"Warhammer 40,000: Dawn of War -- Soulstorm",Strategy,2008-03-14
"Warhammer 40,000: Dawn of War II -- Chaos Rising",Strategy,2010-03-17
"Warhammer 40,000: Dawn of War II -- Retribution",Strategy,2011-02-25
Warrior Kings: Battles,Strategy,2003-11-04
World of Warplanes,Flight,2013-12-17
World War II: Road to Victory,Strategy,2008-10-14
X-Men Origins: Wolverine -- Uncaged Edition,Action,2009-04-30
You Don't Know Jack 6: The Lost Gold,Trivia,2004-01-14
