title,release_date,genre,score
Guild Wars 2,2012-09-11,RPG,9.0
Mass Effect 3: Leviathan,2012-08-31,RPG,7.5
Tom Clancy's Ghost Recon Phantoms,2012-08-29,Shooter,7.5
World of Warcraft: Mists of Pandaria,2012-10-04,RPG,8.7
War of the Roses,2012-10-03,Action,7.3
The Walking Dead: The Game -- Episode 3: Long Road Ahead,2012-08-28,Adventure,9.0
Hoodwink,2012-08-23,Adventure,2.5
Medal of Honor Warfighter,2012-10-26,Shooter,4.0
FIFA Soccer 13,2012-09-20,Sports,9.0
The Walking Dead: The Game -- Episode 4: Around Every Corner,2012-10-09,Adventure,7.5
Need for Speed Most Wanted,2012-10-30,"Racing, Action",9.0
The Walking Dead: The Game -- Episode 5: No Time Left,2012-11-19,Adventure,9.5
AirBuccaneers,2012-12-19,Action,7.5
Street Fighter X Mega Man,2012-12-18,Action,7.0
The Walking Dead -- Game of the Year Edition,2012-12-12,Adventure,9.3
The Walking Dead: A Telltale Game Series -- Season One,2012-12-12,Adventure,9.3
Forge,2012-12-12,Shooter,7.0
Ace of Spades,2013-01-04,Shooter,5.9
IGI 2: Covert Strike,2003-02-04,Shooter,8.0
Battlefield 1942: The Road to Rome,2003-01-31,Shooter,9.1
Impossible Creatures [2003],2003-01-09,Strategy,8.3
Drome Racers,2003-01-08,Racing,6.8
Trailer Park Tycoon,2003-01-06,Simulation,5.0
Earth 2150: Lost Souls,2003-01-06,Strategy,7.0
SimCity 4,2003-01-14,Simulation,9.2
The Sims Online,2003-01-13,Simulation,7.2
The Mystery of the Mummy,2003-02-12,Adventure,6.5
Command & Conquer Generals,2003-02-07,Strategy,9.3
Freelancer,2003-02-26,"Action, Simulation",9.2
Law & Order: Dead on the Money,2003-02-19,Adventure,8.0
Tom Clancy's Rainbow Six 3: Raven Shield,2003-03-20,Shooter,8.6
Ultima Online: Age of Shadows,2003-03-20,RPG,8.1
NASCAR Racing: 2003 Season,2003-03-11,Racing,9.3
A Tale in the Desert,2003-03-11,RPG,8.9
Airport Tycoon 2,2003-03-31,Simulation,2.5
The Gladiators: Galactic Circus Games,2003-03-05,Strategy,7.5
Total Immersion Racing,2003-03-27,Racing,7.0
Heroes of Might and Magic IV: Winds of War,2003-03-25,Strategy,6.9
World of Outlaws Sprint Cars,2003-03-24,Racing,8.5
Bandits: Phoenix Rising,2003-04-16,"Racing, Action",7.2
Rayman 3: Hoodlum Havoc,2003-04-10,"Action, Adventure",8.3
1503 A.D. The New World,2003-04-09,Strategy,7.3
New World Order,2003-04-04,Shooter,4.2
Devastation: Resistance Breeds Revolution,2003-04-03,Shooter,7.4
Harbinger,2003-04-03,"Action, RPG",4.0
MVP Baseball 2003,2003-04-03,Sports,8.3
Wingnuts: Temporal Navigator,2003-04-07,Shooter,2.2
Grom ... Terror in Tibet,2003-04-02,RPG,8.0
Metal Gear Solid 2: Substance,2003-04-02,"Action, Adventure",8.9
High Heat Major League Baseball 2004,2003-04-01,Sports,8.4
Zapper: One Wicked Cricket,2003-04-23,Platformer,5.5
Frogger Beyond,2003-04-23,Platformer,5.5
Shadowbane,2003-05-05,RPG,7.3
Pro Race Driver,2003-04-21,Racing,7.5
Purge,2003-04-29,Shooter,5.5
Tropico 2: Pirate Cove,2003-04-21,Simulation,8.4
Castles & Catapults,2003-04-18,Strategy,2.0
Hulk,2003-05-23,Action,8.0
Enter the Matrix,2003-05-20,Action,6.6
Empire of Magic,2003-06-16,Strategy,5.0
MotoGP 2,2003-06-10,Racing,8.4
Will Rock,2003-06-26,Shooter,7.2
The Sims: Superstar,2003-06-06,Simulation,8.3
Microsoft Flight Simulator 2004: A Century of Flight,2003-07-30,"Flight, Simulation",9.0
Combat Mission: Beyond Overlord (Special Edition),2003-05-30,Strategy,9.0
F1 Challenge '99-'02,2003-07-29,"Racing, Simulation",9.5
Perfect Ace: Pro Tournament Tennis,2003-07-28,Sports,4.1
Big Scale Racing,2003-07-24,Racing,6.5
Star Wars Galaxies: An Empire Divided,2003-07-11,RPG,8.0
Midnight Club II,2003-07-03,Racing,8.8
Pirates of the Caribbean,2003-07-02,"Action, RPG",7.2
Endless Ages,2003-07-16,RPG,5.5
Nexagon: Deathmatch,2003-08-06,Strategy,6.9
Warcraft III: The Frozen Throne,2003-07-01,Strategy,9.0
Chariots of War,2003-07-01,Strategy,5.0
Air Raid: This is Not a Drill,2003-07-01,Shooter,2.2
Legacy Online,2003-08-20,Strategy,9.0
Madden NFL 2004,2003-08-20,Sports,9.3
Republic: The Revolution,2003-09-02,Strategy,7.2
Tony Hawk's Pro Skater 4,2003-08-29,Sports,9.2
Command & Conquer Generals Zero Hour,2003-09-24,Strategy,9.0
Savage: The Battle for Newerth,2003-09-12,Strategy,8.7
Mistmare,2003-09-23,Adventure,3.0
Emergency Fire Response,2003-09-23,Strategy,8.4
Battlefield 1942: Secret Weapons of World War II,2003-09-10,Shooter,8.8
Tiger Woods PGA Tour 2004,2003-09-23,Sports,9.0
Rebels: Prison Escape,2003-09-22,"Action, Adventure",5.5
SimCity 4: Rush Hour,2003-09-22,Simulation,8.0
State of Emergency,2003-09-08,Action,6.6
NASCAR Thunder 2004,2003-09-17,Racing,8.5
Homeworld 2,2003-09-16,Strategy,9.0
Neighbors from Hell,2003-10-01,Puzzle,7.0
Once Upon a Knight,2003-10-09,Strategy,6.9
Hoyle Majestic Chess,2003-09-08,Board,8.5
Cold Zero,2003-09-15,Action,7.0
NHL 2004,2003-09-26,Sports,8.8
The History Channel: WWII Battle of Britain 1940,2003-10-20,"Action, Simulation",8.3
Warlords IV: Heroes of Etheria,2003-10-27,Strategy,8.5
No Man's Land: Fight for Your Rights!,2003-10-24,Strategy,7.6
Sea World Adventure Park Tycoon,2003-10-22,Simulation,7.5
Starsky & Hutch,2003-10-16,"Racing, Action",5.5
Big Mutha Truckers,2003-10-21,Racing,5.3
Robin Hood: Defender of the Crown,2003-10-21,Strategy,7.1
The Sims: Makin' Magic,2003-10-29,Simulation,8.2
MTV's Celebrity Deathmatch,2003-10-30,Fighting,5.0
Need for Speed Underground,2003-11-14,Racing,9.0
Dead to Rights,2003-11-13,Action,7.5
FIFA Soccer 2004,2003-11-13,Sports,8.5
The Simpsons: Hit & Run,2003-11-12,"Action, Adventure",8.1
The Hobbit,2003-11-12,"Action, Adventure",7.5
Battle Engine Aquila,2003-11-18,Shooter,7.2
Secret Weapons Over Normandy,2003-11-18,"Flight, Action",8.0
XIII,2003-11-17,Shooter,8.0
PlanetSide: Core Combat,2003-11-10,Shooter,6.5
Harry Potter: Quidditch World Cup,2003-11-07,"Sports, Action",7.2
Chrome,2003-11-24,Shooter,7.9
Kelly Slater's Pro Surfer,2003-11-24,Sports,8.9
Rugby 2004,2003-11-20,Sports,7.0
Contract J.A.C.K.,2003-11-19,Shooter,6.1
Lords of EverQuest,2003-12-05,Strategy,6.5
NBA Live 2004,2003-12-02,Sports,8.5
Silent Hill 3,2003-12-11,Adventure,9.0
Delta Ops: Army Special Forces,2004-01-26,Shooter,5.0
Sinbad: Legend of the Seven Seas,2004-01-23,"Action, Adventure",5.6
Korea: Forgotten Conflict,2004-01-22,Strategy,5.0
Teenage Mutant Ninja Turtles [2003],2004-01-16,"Fighting, Action",5.3
Traitors Gate 2: Cypher,2004-02-04,Adventure,5.0
JetFighter V: Homeland Protector,2004-02-04,"Flight, Simulation",6.4
Yohoho! Puzzle Pirates,2004-01-12,Puzzle,8.5
Combat Mission 3: Afrika Korps,2004-01-09,Strategy,8.7
Dominions II: The Ascension Wars,2004-02-02,Strategy,6.5
Coliseum,2004-02-02,Simulation,2.5
One Must Fall: Battlegrounds,2004-01-08,Fighting,6.7
Horizons: Empire of Istaria,2004-01-08,RPG,8.2
Blade & Sword,2004-01-07,"Action, RPG",6.0
Dark Age of Camelot: Trials of Atlantis,2004-01-05,RPG,6.8
American Idol: The Search For A Superstar,2004-01-28,Music,3.3
Lock On: Modern Air Combat,2003-12-19,"Flight, Simulation",7.8
Chameleon: Mysterious Journey II,2003-12-18,Adventure,6.8
Atari: 80 Classic Games in One!,2004-01-27,Compilation,7.2
Silent Storm,2004-01-27,"Action, RPG",8.1
Alien Blast: The Encounter,2004-02-23,Shooter,4.3
WWI: The Great War,2004-02-18,Strategy,6.4
Jack the Ripper [2004],2004-02-11,Adventure,7.8
Secret Service: Security Breach,2004-02-09,Shooter,4.4
Shadowbane: The Rise of Chaos,2004-02-06,RPG,6.3
Airport Tycoon 3,2004-02-05,Simulation,4.0
A Quiet Weekend in Capri,2004-03-03,Adventure,6.2
Monster Garage: The Game,2004-02-25,Simulation,3.3
Vega$ Tycoon,2004-02-25,Simulation,7.7
Gangland,2004-03-15,Strategy,5.8
Pirate Hunter: Seize & Destroy,2004-03-12,"Action, Adventure",6.8
MVP Baseball 2004,2004-03-11,Sports,8.5
Tom Clancy's Rainbow Six 3: Athena Sword,2004-03-10,Shooter,7.8
Desert Rats vs. Afrika Korps,2004-04-07,Strategy,7.2
Dead Man's Hand,2004-04-06,Shooter,6.2
Bionicle: The Game,2004-03-08,Action,3.5
Nemesis of the Roman Empire,2004-04-06,Strategy,8.0
Northland,2004-04-02,Strategy,6.4
Worms 3D,2004-05-18,Strategy,7.5
CSI: Crime Scene Investigation: Dark Motives,2004-03-30,Adventure,8.4
Squad Assault: West Front,2004-03-26,Strategy,7.2
UEFA EURO 2004 Portugal,2004-05-07,Sports,8.0
kill.switch,2004-04-15,Shooter,7.8
Mace Griffin: Bounty Hunter,2004-03-17,Shooter,6.3
Battlefield Vietnam,2004-03-16,Shooter,8.2
Midnight Nowhere,2004-03-16,Adventure,7.8
Tom Clancy's Splinter Cell Pandora Tomorrow,2004-03-26,"Action, Adventure",9.5
Breed,2004-04-15,Shooter,7.3
FireStarter,2004-03-15,Shooter,7.5
Crystal Key II: The Far Realm,2004-04-09,Adventure,5.9
Kuma\War,2004-04-08,Shooter,6.3
Beyond The Law: The Third Wave,2004-04-29,Strategy,5.0
War Times,2004-04-26,Strategy,5.3
City of Heroes,2004-05-28,RPG,8.4
True Crime: Streets of L.A.,2004-05-27,"Action, Adventure",8.0
Singles: Flirt up your Life,2004-05-26,Simulation,7.0
Harry Potter and the Prisoner of Azkaban,2004-06-09,"Action, Adventure",6.0
Shrek 2,2004-06-07,Adventure,3.9
Lineage II,2004-06-18,RPG,6.7
The Suffering,2004-06-16,"Action, Adventure",8.5
Blitzkrieg: Burning Horizon,2004-06-03,Strategy,7.9
Soldner: Secret Wars,2004-07-02,Shooter,5.0
TrackMania,2004-07-02,Racing,5.9
Bad Boys II,2004-06-30,Action,4.8
Missing: Since January,2004-07-13,Adventure,8.0
Catwoman,2004-07-30,Action,3.8
Xtreme Accuracy Shooting,2004-07-28,Sports,4.0
Alpha Black Zero: Intrepid Protocol,2004-08-27,Action,6.0
Chessmaster 10th Edition,2004-08-26,Strategy,8.4
Wings of War,2004-09-10,"Flight, Action",6.6
Marine Heavy Gunner: Vietnam,2004-10-01,Shooter,5.0
ShellShock: Nam '67,2004-09-20,Shooter,5.8
Final Fantasy XI: Chains of Promathia,2004-09-28,RPG,7.5
Madden NFL 2005,2004-09-28,"Sports, Simulation",9.5
Shark Tale,2004-10-08,"Action, Adventure",6.5
Tiger Woods PGA Tour 2005,2004-09-27,Sports,9.0
Tony Hawk's Underground 2,2004-10-07,Sports,8.6
Rapala Pro Fishing,2004-10-07,Hunting,6.1
Silent Hill 4: The Room,2004-09-23,Action,6.9
Adventures of Sherlock Holmes: The Silver Earring,2004-10-11,Adventure,8.3
Law & Order: Justice Is Served,2004-10-20,Adventure,8.4
The Saga of Ryzom,2004-10-18,RPG,7.5
Star Wars Galaxies: Jump to Lightspeed,2004-11-05,RPG,7.9
WANTED: A Wild Western Adventure,2004-10-18,Adventure,6.5
Wildfire,2004-11-04,Strategy,6.0
Pacific Fighters,2004-11-04,"Flight, Action",7.7
American McGee Presents Scrapland,2004-11-03,"Action, Adventure",8.3
Wings of Power: WWII Heavy Bombers and Jets,2004-10-13,Flight,8.3
SuperPower 2,2004-11-02,Strategy,4.5
Axis & Allies,2004-11-02,Strategy,8.4
Combat Over Europe,2004-11-11,Flight,8.0
NBA Live 2005,2004-11-10,"Sports, Simulation",8.9
Immortal Cities: Children of the Nile,2004-11-09,Strategy,7.9
Outdoor Life: Sportsman's Challenge,2004-11-09,Simulation,6.8
Pitfall: The Lost Expedition,2004-11-08,"Action, Adventure",7.8
MTX: Mototrax,2004-11-08,Sports,8.3
Need for Speed Underground 2,2004-11-12,Racing,9.1
FIFA Soccer 2005,2004-11-11,Sports,8.6
Athens 2004,2004-10-26,Sports,4.5
Atlantis Evolution,2004-10-25,Adventure,5.5
Shade: Wrath of Angels,2004-10-25,"Action, Adventure",5.0
Manchester United Club Football 2005,2004-10-22,Sports,7.7
TOCA Race Driver 2,2004-10-21,Racing,8.2
"Medieval Lords: Build, Defend, Expand",2004-11-01,Simulation,4.5
Deer Hunter 2005,2004-10-28,"Hunting, Simulation",7.3
Ski Resort Extreme,2004-11-19,Simulation,6.2
Space Interceptor: Project Freedom,2004-11-19,Action,7.8
Colin McRae Rally 2005,2004-11-19,Racing,9.1
Sid Meier's Pirates! Live the Life,2004-11-19,"Action, Adventure",9.2
Blitzkrieg: Rolling Thunder,2004-11-17,Strategy,7.7
Zoo Tycoon 2,2004-11-17,Simulation,7.5
Teenage Mutant Ninja Turtles 2: Battle Nexus,2004-11-23,"Fighting, Action",6.0
Wings Over Vietnam,2004-11-23,"Flight, Action",7.8
Forgotten Realms: Demon Stone,2004-11-22,"Action, RPG",7.0
Worms Forts Under Siege,2004-12-08,Strategy,6.9
Lemony Snicket's A Series of Unfortunate Events,2004-12-06,Platformer,6.5
Armies of Exigo,2004-12-15,Strategy,7.0
Alexander,2004-12-02,Strategy,7.0
The Chronicles of Riddick: Escape from Butcher Bay -- Developer's Cut,2004-12-14,Shooter,8.8
Sonic Heroes,2004-12-10,Platformer,7.0
World of Warcraft,2004-12-10,RPG,9.1
Vendetta Online,2005-01-12,RPG,6.5
Galactic Civilizations: Altarian Prophecy,2005-01-12,Strategy,8.0
Fritz 8 Deluxe,2005-01-06,Board,8.0
Time of Defiance,2005-01-03,Strategy,8.3
CSI: Miami,2004-12-22,Adventure,6.0
Will of Steel,2005-02-02,Strategy,6.0
The Punisher [2005],2005-01-31,Shooter,8.0
COPS 2170: The Power of Law,2005-01-31,Strategy,4.0
NRA Varmint Hunter,2005-01-28,Shooter,1.0
Playboy: The Mansion,2005-01-21,Simulation,6.9
Second Sight,2005-02-17,"Action, Adventure",7.5
NASCAR SimRacing,2005-02-16,"Racing, Simulation",9.2
Aerial Strike: Low Altitude -- High Stakes,2005-02-16,"Flight, Action",6.0
Flashpoint Germany,2005-02-10,Strategy,7.2
Torrente,2005-02-04,Shooter,3.3
MVP Baseball 2005,2005-03-01,Sports,8.8
The Sims 2: University,2005-02-28,Simulation,8.5
Mortyr II,2005-03-16,Shooter,6.0
Gary Grigsby's World at War,2005-03-10,Strategy,8.5
DRIV3R,2005-03-22,"Racing, Action",5.4
Domination,2005-03-22,Strategy,7.2
The Matrix Online,2005-04-15,RPG,7.6
Special Forces: Nemesis Strike,2005-04-13,Action,7.0
SWAT 4,2005-03-30,Shooter,9.0
PsychoToxic,2005-03-29,Action,5.0
Empire Earth II,2005-04-25,Strategy,8.9
Pariah,2005-05-03,Shooter,7.8
Juiced,2005-06-10,Racing,6.0
Madagascar,2005-06-01,Action,7.0
Dungeon Lords,2005-05-31,"Action, RPG",4.5
Area 51,2005-06-09,Shooter,7.5
Battlefield 2,2005-06-19,Shooter,8.9
Star Wars Galaxies: Rage of the Wookiees,2005-05-13,RPG,7.6
Tin Soldiers: Julius Caesar,2005-05-12,Strategy,7.9
Necromania: Traps of Darkness,2005-06-16,Action,4.5
Supreme Ruler 2010,2005-06-15,Strategy,7.8
Tom Clancy's Rainbow Six 3: Iron Wrath,2005-06-15,Shooter,8.1
Restricted Area,2005-06-28,"Action, RPG",6.0
TrackMania Sunrise,2005-06-28,"Racing, Editor",8.0
Fantastic 4,2005-06-28,Action,6.5
GTR FIA Racing,2005-06-14,"Racing, Simulation",8.5
RollerCoaster Tycoon 3: Soaked!,2005-06-20,Simulation,8.2
Crown of Glory,2005-07-11,Strategy,8.0
Boiling Point: Road to Hell,2005-07-08,Shooter,7.0
Salvo!,2005-08-02,Strategy,6.5
Big Mutha Truckers 2,2005-08-24,Racing,5.5
Madden NFL 06,2005-08-22,Sports,8.8
NHL 06,2005-09-09,Sports,8.5
The Suffering: Ties That Bind,2005-09-20,"Action, Adventure",8.1
Indigo Prophecy,2005-09-20,Adventure,8.4
The Sims 2: Nightlife,2005-09-12,Simulation,8.2
Ultimate Spider-Man,2005-09-30,Action,8.4
Black & White 2,2005-09-28,Strategy,8.8
Tiger Woods PGA Tour 06,2005-09-27,Sports,8.7
NIBIRU: Age of Secrets,2005-09-22,Adventure,6.8
Quake 4,2005-10-13,Shooter,8.1
Splat Magazine Renegade Paintball,2005-10-27,Shooter,4.0
Evil Dead Regeneration,2005-10-17,Action,6.6
Worms 4: Mayhem,2005-10-19,Strategy,7.5
The Movies,2005-11-08,Simulation,8.0
Bratz Rock Angelz,2005-11-08,Adventure,7.5
Mall Tycoon 3,2005-11-08,Simulation,6.8
Heroes of the Pacific,2005-11-04,"Flight, Action",8.0
Need for Speed Most Wanted [2005],2005-11-10,Racing,8.5
NBA Live 06,2005-11-14,Sports,9.0
Friends: The One With All The Trivia,2005-11-14,Trivia,5.0
Harry Potter and the Goblet of Fire,2005-11-11,"Action, Adventure",7.2
City of Villains,2005-11-18,RPG,8.0
The Matrix: Path of Neo,2005-11-17,Action,6.5
Diplomacy: The Game of International Intrigue,2005-11-17,Strategy,5.0
FIFA Soccer 06,2005-11-30,Sports,8.7
Battlefield 2: Special Forces,2005-11-29,Shooter,8.0
"The Chronicles of Narnia: The Lion, The Witch and The Wardrobe",2005-12-01,"Action, Adventure",8.3
"Ed, Edd 'n Eddy: The Mis-Edventures",2005-12-01,Adventure,2.9
The Incredibles: Rise of the Underminer,2005-12-01,Action,6.0
Battle of Britain II: Wings of Victory,2005-11-28,"Flight, Simulation",8.2
Peter Jackson's King Kong,2005-11-23,Action,8.0
JetFighter 2015,2005-11-22,"Flight, Simulation",6.8
Zoo Tycoon 2: Endangered Species,2005-12-06,Simulation,6.5
Star Wars Galaxies: Trials of Obi-Wan,2005-12-05,RPG,7.8
Starship Troopers,2005-12-05,Shooter,5.0
"Stubbs the Zombie in ""Rebel without a Pulse""",2005-12-02,Action,7.5
Space Hack,2006-01-06,"Action, RPG",5.5
Law & Order: Criminal Intent,2005-12-19,Adventure,6.0
Star Wars Galaxies: Starter Kit,2005-12-13,RPG,7.7
25 To Life,2006-01-17,Shooter,3.3
80 Days [2005],2006-01-13,Adventure,7.0
Cross Racing Championship 2005,2006-01-10,Racing,7.5
WWII Tank Commander,2006-02-21,Action,5.0
Virtual Skipper 4,2006-02-28,Simulation,6.8
Squad Assault: Second Wave,2006-01-27,Strategy,7.0
Torino 2006,2006-01-26,Sports,4.4
TOCA Race Driver 3,2006-02-24,Racing,8.7
SWAT 4: The Stetchkov Syndicate,2006-03-07,Shooter,8.5
Scratches,2006-03-06,Adventure,7.7
RF Online,2006-03-28,RPG,5.5
True Crime: New York City,2006-03-28,Action,6.5
Tycoon City: New York,2006-03-15,Simulation,7.0
The Sims 2: Open for Business,2006-03-14,Simulation,7.8
Blazing Angels: Squadrons of WWII,2006-03-27,"Flight, Action",6.8
Space Rangers 2: Rise of the Dominators,2006-03-29,"Strategy, RPG",8.0
The Da Vinci Code,2006-05-23,Action,4.5
2006 FIFA World Cup,2006-04-18,Sports,8.4
Auto Assault,2006-05-01,"Action, RPG",7.5
Black & White 2: Battle of the Gods,2006-04-25,Strategy,7.0
Commandos Strike Force,2006-04-06,Shooter,7.5
Guild Wars Factions,2006-05-22,RPG,8.5
Tom Clancy's Ghost Recon Advanced Warfighter,2006-05-18,Shooter,8.1
CSI: Crime Scene Investigation: 3 Dimensions of Murder,2006-04-13,Adventure,8.6
The Movies: Stunts & Effects,2006-06-09,Simulation,8.0
Stacked with Daniel Negreanu,2006-06-01,Card,4.8
Over the Hedge,2006-06-07,Action,6.5
Battlefield 2: Armored Fury,2006-06-05,Shooter,8.0
Kao the Kangaroo Round 2,2006-05-30,Action,5.5
Pirates of the Caribbean: The Legend of Jack Sparrow,2006-08-02,"Action, Adventure",5.0
Hard Truck: Apocalypse,2006-07-18,"Racing, Action",4.0
The Ant Bully,2006-08-01,Action,5.5
WarPath,2006-07-25,Shooter,5.7
Night Watch,2006-07-13,"Strategy, RPG",6.0
Cars,2006-06-28,"Racing, Action",6.8
Soldier Elite,2006-06-28,Action,4.0
Final Fantasy XI: Treasures of Aht Urhgan,2006-07-21,RPG,8.4
Prey [2006],2006-07-10,Shooter,9.0
Rise & Fall: Civilizations at War,2006-06-13,Strategy,6.0
Moscow to Berlin: Red Siege,2006-06-30,Strategy,6.2
The Secrets of Da Vinci: The Forbidden Manuscript,2006-06-12,Adventure,7.1
Titan Quest,2006-06-23,"Action, RPG",8.1
Glory of the Roman Empire,2006-06-22,Simulation,7.6
NFL Head Coach,2006-06-20,"Sports, Simulation",7.2
LEGO Star Wars II: The Original Trilogy,2006-09-07,"Action, Adventure",8.0
Madden NFL 07,2006-08-22,Sports,8.3
Zoo Tycoon 2: African Adventure,2006-08-15,Simulation,3.5
City Life,2006-08-10,Simulation,8.0
World War II Combat: Iwo Jima,2006-08-08,Shooter,3.0
TerraWars: NY Invasion,2006-08-23,Action,2.0
FIFA Soccer 07,2006-10-09,Sports,8.5
Age of Pirates: Caribbean Tales,2006-10-09,Adventure,7.9
Bad Day L.A.,2006-09-18,Action,2.7
Tiger Woods PGA Tour 07,2006-10-06,Sports,7.5
Scarface: The World is Yours,2006-10-06,Action,8.7
Scarface: The World is Yours,2006-10-06,Action,8.7
World Series of Poker: Tournament of Champions -- 2007 Edition,2006-09-19,Card,7.2
NHL 07,2006-09-11,Sports,8.0
Barnyard,2006-09-11,Action,6.0
Big Oil,2006-09-14,Simulation,3.3
Open Season,2006-10-03,"Action, Adventure",6.0
NBA Live 07,2006-10-02,Sports,4.9
ParaWorld,2006-09-28,Strategy,7.8
Reservoir Dogs,2006-10-24,Action,3.0
F.E.A.R. Extraction Point,2006-10-24,Shooter,7.6
Backyard Baseball 2007,2006-10-16,Sports,2.0
Ford Bold Moves Street Racing,2006-10-23,Racing,3.5
JAWS Unleashed,2006-10-23,Action,6.1
Battlefield 2142,2006-10-20,Shooter,8.4
First Battalion,2006-10-13,Action,6.5
Mage Knight: Apocalypse,2006-10-12,"Action, RPG",5.4
The Grim Adventures of Billy & Mandy,2006-10-18,Fighting,7.2
GTR 2,2006-10-18,"Racing, Simulation",9.2
Sam & Max: Season One -- Episode #1: Culture Shock,2006-10-17,Adventure,8.7
Neverwinter Nights 2,2006-11-03,RPG,8.5
1701 A.D.,2006-10-30,Simulation,8.2
Desperate Housewives: The Game,2006-11-08,Simulation,8.2
Need for Speed Carbon,2006-10-27,Racing,8.2
Strategic Command 2: Blitzkrieg,2006-11-03,Strategy,5.9
Guild Wars: Nightfall,2006-11-09,RPG,8.4
The Sims 2: Pets,2006-10-26,Simulation,7.4
Marvel: Ultimate Alliance,2006-10-25,"Action, RPG",8.2
Cabela's African Safari,2006-11-14,Hunting,7.3
Phantasy Star Universe,2006-11-14,RPG,5.5
Left Behind: Eternal Forces,2006-11-14,Strategy,5.9
Eragon,2006-11-21,Adventure,4.6
Devil May Cry 3: Dante's Awakening,2006-11-22,Action,5.8
The History Channel -- Civil War: A Nation Divided,2006-12-01,Shooter,5.0
Wildlife Zoo,2006-12-06,Simulation,6.1
The Last Ritual,2006-12-04,Adventure,8.1
Sonic Riders,2006-12-12,"Racing, Action",4.2
Happy Feet,2006-12-11,Adventure,4.5
Harley-Davidson: Race to the Rally,2006-12-15,Racing,5.0
Flyboys Squadron,2006-12-14,Shooter,6.6
Sam & Max: Season One -- Episode #2: Situation: Comedy,2007-01-03,Adventure,7.8
The Shield,2007-01-30,Action,2.1
World of Warcraft: The Burning Crusade,2007-01-30,RPG,8.8
Deal or No Deal,2007-02-15,Trivia,3.1
Starshatter: The Gathering Storm,2007-02-09,"Flight, Simulation",7.0
"Sam & Max: Season One -- Episode #3: The Mole, the Mob and the Meatball",2007-02-05,Adventure,6.6
The Sims: Life Stories,2007-03-01,Simulation,7.3
Gary Grigsby's World At War: A World Divided,2007-02-22,Strategy,7.9
War Front: Turning Point,2007-02-27,Strategy,7.8
Myst Online: Uru Live,2007-03-05,Adventure,7.6
Sam & Max: Season One -- Episode #4: Abe Lincoln Must Die!,2007-03-02,Adventure,8.0
Titan Quest: Immortal Throne,2007-03-16,"Action, RPG",7.8
TMNT,2007-03-21,Action,6.0
SpaceStationSim,2007-03-20,Simulation,4.5
The Sims 2: Seasons,2007-03-20,Simulation,8.9
Tortuga: Two Treasures,2007-03-27,"Action, Adventure",5.0
Sam & Max: Season One -- Episode #5: Reality 2.0,2007-03-29,Adventure,8.2
Meet The Robinsons,2007-03-27,Action,7.0
Sam & Max: Season One -- Episode #6: Bright Side of The Moon,2007-04-26,Adventure,8.1
For Liberty!,2007-04-13,Strategy,6.5
Backyard Basketball 2007,2007-04-10,Sports,2.5
Test Drive Unlimited,2007-04-03,Racing,8.0
Blitzkrieg II: Fall of the Reich,2007-04-03,Strategy,6.0
Theatre of War [2007],2007-05-16,Strategy,7.0
Ancient Wars: Sparta,2007-05-04,Strategy,6.0
CellFactor: Revolution,2007-05-23,Shooter,5.2
Shrek the Third,2007-05-21,Action,6.0
Top Spin 2,2007-06-18,Sports,7.0
Marine Sharpshooter III,2007-06-08,Shooter,3.5
Halo 2,2007-06-05,Shooter,7.5
Made Man,2007-06-05,"Action, Adventure",2.4
Dirt,2007-06-29,Racing,8.4
Harry Potter and the Order of the Phoenix,2007-06-28,Adventure,7.3
No Surrender: Battle of the Bulge,2007-07-19,Strategy,5.5
TrackMania United,2007-07-18,Racing,8.0
Tom Clancy's Ghost Recon Advanced Warfighter 2,2007-07-27,Shooter,7.2
Call for Heroes: Pompolic Wars,2007-07-20,"Action, RPG",1.2
Attack on Pearl Harbor,2007-08-13,Flight,4.6
Sword of the New World: Granado Espada,2007-08-09,RPG,6.5
Dead Reefs,2007-08-27,Adventure,4.0
BioShock,2007-08-17,Shooter,9.7
BioShock (Limited Edition),2007-08-17,Shooter,9.7
World in Conflict,2007-09-07,Strategy,9.3
Combat Mission: Shock Force,2007-09-12,Strategy,5.2
Two Worlds,2007-09-11,RPG,7.3
Guild Wars: Eye of the North,2007-09-13,RPG,7.9
Blazing Angels 2: Secret Missions of WWII,2007-09-25,"Flight, Action",8.0
John Woo Presents Stranglehold,2007-09-20,"Action, Adventure",8.1
The Sims 2: Bon Voyage,2007-10-01,Simulation,8.0
Undercover: Operation Wintersun,2007-09-28,Adventure,6.5
Galactic Assault: Prisoner of Power,2007-09-25,Strategy,6.2
Enemy Territory: Quake Wars,2007-10-02,Shooter,8.5
The Chosen-- Well of Souls,2007-10-05,"Action, RPG",4.5
Neverwinter Nights 2: Mask of the Betrayer,2007-10-15,RPG,8.5
The Orange Box,2007-10-09,"Compilation, Compilation",9.5
SEGA Rally Revo,2007-10-09,Racing,8.0
Tarr Chronicles,2007-10-12,Simulation,7.0
CSI: Crime Scene Investigation: Hard Evidence,2007-10-19,Adventure,6.1
Fury League,2007-10-24,"Action, RPG",6.5
Clive Barker's Jericho,2007-10-26,Shooter,5.6
You Are Empty,2007-10-30,Shooter,2.1
F.E.A.R. Perseus Mandate,2007-11-06,Shooter,5.9
Sam & Max: Season Two -- Episode #1: Ice Station Santa,2007-11-08,Adventure,8.0
Empire Earth III,2007-11-16,Strategy,5.4
Guitar Hero III: Legends of Rock,2007-11-13,Music,8.5
Beowulf: The Game,2007-11-16,Action,4.0
BlackSite: Area 51,2007-11-15,Shooter,6.5
Unreal Tournament III,2007-11-21,Shooter,9.0
Cabela's Big Game Hunter: Trophy Bucks,2007-11-20,Hunting,4.8
SimCity Societies,2007-11-13,Simulation,5.8
Need for Speed ProStreet,2007-11-20,Racing,6.9
Tabula Rasa,2007-11-20,RPG,7.5
Viva Piñata,2007-11-13,Virtual Pet,8.2
Soldier of Fortune: Payback,2007-11-27,Shooter,5.9
World Series of Poker 2008: Battle for the Bracelets,2007-12-03,Card,7.9
Dawn of Magic,2007-11-30,"Action, RPG",5.4
Swashbucklers: Blue vs. Grey,2007-11-28,"Action, Adventure",4.0
Alvin and the Chipmunks,2008-01-03,Music,2.2
The History Channel: Battle For The Pacific,2007-12-21,Shooter,4.9
Sam & Max: Season Two -- Episode #2: Moai Better Blues,2008-01-08,Adventure,8.2
The Golden Compass,2008-01-07,Action,3.5
Next Life,2007-12-12,Adventure,4.5
Hot Wheels: Beat That!,2007-12-11,Racing,3.5
Taito Legends 2,2008-01-29,Compilation,7.5
Barbie as The Island Princess,2008-01-31,Party,4.0
Battlestar Galactica,2008-01-30,Action,5.1
Carol Vorderman's Sudoku,2008-01-29,Puzzle,7.8
Universe at War: Earth Assault,2007-12-14,Strategy,8.0
Savage 2: A Tortured Soul,2008-02-07,Shooter,8.3
Out of This World,2008-02-06,Action,8.5
The Sims 2: Castaway Stories,2008-02-04,Simulation,7.3
Pirates of the Burning Sea,2008-02-12,RPG,8.2
Under a Killing Moon,2008-02-11,Adventure,9.0
Petz: Catz 2,2008-02-13,Virtual Pet,6.0
Sam & Max: Season Two -- Episode #3: Night of the Raving Dead,2008-02-27,Adventure,6.8
The Spiderwick Chronicles,2008-02-20,Adventure,7.5
Turning Point: Fall of Liberty,2008-02-29,Shooter,5.0
The Sims 2: FreeTime (Limited Edition),2008-02-26,Simulation,8.3
The Sims 2: FreeTime,2008-02-26,Simulation,8.3
The History Channel: Lost Worlds,2008-03-04,"Action, Adventure",3.0
Sam & Max: Season Two -- Episode #4: Chariot of the Dogs,2008-03-13,Adventure,8.3
AGEOD's American Civil War: 1861-1865 -- The Blue and the Gray,2008-03-12,Strategy,6.2
Imperium Romanum,2008-03-24,Strategy,6.0
Panzer Command: Kharkov,2008-04-23,Strategy,6.7
Great War Nations: The Spartans,2008-04-29,Strategy,6.0
Rhem 3,2008-03-28,"Puzzle, Adventure",6.5
Magic Online III,2008-04-21,"Card, Battle",5.5
Warriors Orochi,2008-03-26,Action,5.7
Lost Empire: Immortals,2008-04-11,Strategy,6.0
"Sam & Max: Season Two -- Episode #5: What's New, Beelzebub?",2008-04-10,Adventure,8.2
Riddle of the Tomb,2008-04-23,Adventure,7.7
Powerboat GT,2008-05-16,Racing,6.0
Wolves of the Pacific -- The Silent Hunter: U-Boat Missions,2008-05-16,Simulation,7.0
Everyday Shooter,2008-05-14,Shooter,8.0
My Horse & Me,2008-05-09,Simulation,5.0
Dancing with the Stars: The PC Game,2008-05-08,Music,3.5
Iron Man,2008-05-07,Action,3.5
Stranger,2008-04-29,Strategy,4.4
The Incredible Hulk,2008-06-11,Action,5.5
Kung Fu Panda,2008-06-09,Action,7.4
Space Force Captains,2008-05-30,Strategy,4.0
Belief & Betrayal,2008-06-19,Adventure,5.4
Blokus World Tour,2008-06-10,Board,7.5
The Chronicles of Narnia: Prince Caspian,2008-06-05,"Action, Adventure",6.3
Grid,2008-06-05,Racing,8.7
Stronghold Crusader Extreme,2008-06-10,Strategy,4.8
Europa Universalis III: In Nomine,2008-06-13,Strategy,8.0
Supernova 2: Spacewar,2008-06-27,Strategy,3.0
Happy Tree Friends: False Alarm,2008-06-26,"Puzzle, Action",6.2
Pranksterz: Off Your Boss,2008-07-30,Puzzle,3.5
The Princess Bride Game,2008-07-09,Adventure,4.0
Blitzkrieg 2: Liberation,2008-07-25,Strategy,6.0
Red Baron Arcade,2008-07-25,Flight,5.8
Drive to Survive,2008-07-07,"Racing, Action",4.0
WALL-E,2008-07-07,"Action, Adventure",7.5
Insecticide Episode 1,2008-07-03,"Action, Adventure",7.5
Wings Over Israel,2008-08-11,"Flight, Simulation",8.0
The Immortals of Terra: A Perry Rhodan Adventure,2008-08-05,Adventure,5.8
Beijing 2008: The Official Video Game of the Olympic Games,2008-08-08,Sports,5.6
SimCity Societies Destinations,2008-07-11,Simulation,6.7
American McGee's Grimm: A Boy Learns What Fear Is,2008-08-06,"Action, Adventure",6.0
Sam & Max: Season Two,2008-08-06,"Adventure, Compilation",8.1
1701 A.D. (Gold Edition),2008-08-14,Simulation,8.3
American McGee's Grimm: Little Red Riding Hood,2008-08-14,"Action, Adventure",6.1
Pranksterz: No Rest for the Wicked,2008-08-13,Puzzle,3.0
Galactic Command -- Echo Squad Episode 1: Rise of the Insurgents,2008-08-26,"Flight, Action",6.0
Martians vs. Robots,2008-08-18,Action,3.5
Space Siege,2008-08-12,"Action, RPG",6.4
American McGee's Grimm: The Fisherman and His Wife,2008-08-21,Adventure,6.2
XIII Century: Death or Glory,2008-08-20,Strategy,7.2
Code of Honor 2: Conspiracy Island,2008-08-20,Shooter,3.0
Jewel Quest III,2008-09-04,Puzzle,7.0
Mercenaries 2: World in Flames,2008-09-11,Shooter,7.9
Ancient Quest of Saqqarah,2008-09-03,Puzzle,6.7
The Golden Horde,2008-08-29,Strategy,5.8
American McGee's Grimm:The Girl Without Hands,2008-08-29,Adventure,5.7
The Sims 2: Apartment Life,2008-09-08,Simulation,7.7
Murder in the Abbey,2008-09-10,Adventure,3.5
The Sims 2: Apartment Life (Limited Edition),2008-09-10,Simulation,7.7
American McGee's Grimm: Puss in Boots,2008-08-27,Adventure,6.1
Deadliest Catch: Alaskan Storm,2008-08-27,Hunting,6.5
American McGee's Grimm: Godfather Death,2008-09-04,Adventure,6.3
American McGee's Grimm: Beauty and the Beast,2008-09-19,Adventure,6.3
Prison Tycoon 4: SuperMax,2008-09-18,Simulation,2.5
Nikopol: Secrets of the Immortals,2008-09-17,Adventure,8.2
The Price Is Right (2008),2008-09-25,Trivia,5.0
Imperium Romanum: Emperor Expansion,2008-09-22,Simulation,5.9
American McGee's Grimm: The Devil and His Three Golden Hairs,2008-09-16,Adventure,6.2
Line Rider 2: Unbound,2008-09-16,Puzzle,8.0
4 Elements,2008-09-19,Puzzle,8.0
CellZenith,2008-10-03,Action,5.7
Pure,2008-10-01,Racing,8.4
Kharkov: Disaster on the Donets,2008-10-01,Strategy,7.9
Operation Mania,2008-10-01,Strategy,7.1
Ford Racing Off Road,2008-09-30,Racing,3.5
Dark Horizon,2008-09-29,"Action, Simulation",6.0
So Blonde,2008-10-13,Adventure,6.8
FutureU: The Prep Game for SAT,2008-10-13,"Educational, Productivity",7.0
Pipe Mania,2008-10-17,Puzzle,6.5
Warhammer Online: Age of Reckoning (Collector's Edition),2008-10-09,RPG,9.0
Warhammer Online: Age of Reckoning,2008-10-09,RPG,9.0
Everlight of Magic & Power,2008-10-16,Adventure,6.9
City Life Edition 2008,2008-10-20,Strategy,6.9
FIFA Soccer 09,2008-10-22,Sports,7.2
The Guild 2: Venice,2008-10-31,Simulation,4.5
Are You Smarter Than A 5th Grader? Make the Grade!,2008-11-04,Trivia,3.2
Poker For Dummies,2008-11-03,"Educational, Card",5.3
Quantum of Solace,2008-11-03,Shooter,7.2
Brain Training For Dummies,2008-11-03,"Educational, Puzzle",6.8
The Hardy Boys: The Hidden Theft,2008-11-07,Adventure,6.0
Combat Mission: Shock Force -- Marines,2008-11-10,Strategy,6.7
Sacred 2: Fallen Angel,2008-11-12,RPG,7.5
Deer Hunter Tournament,2008-11-13,Hunting,6.4
MySims,2008-11-21,Simulation,7.0
Dynasty Warriors 6,2008-11-18,Action,3.0
Guitar Hero: Aerosmith (Game & Guitar Controller Bundle),2008-12-01,Music,7.0
History -- Civil War: Secret Missions,2008-11-24,Shooter,5.5
Neverwinter Nights 2: Storm of Zehir,2008-12-01,RPG,8.3
Guitar Hero: Aerosmith,2008-12-01,Music,7.0
World of Warcraft: Wrath of the Lich King (Collector's Edition),2008-11-26,RPG,9.0
Madagascar: Escape 2 Africa,2008-11-17,Platformer,4.3
World of Warcraft: Wrath of the Lich King,2008-11-26,RPG,9.0
Neopets Puzzle Adventure,2008-12-09,Puzzle,7.6
CSI: NY -- The Game,2008-12-04,Adventure,5.8
Hell's Kitchen,2008-12-08,Simulation,5.0
Secret Service,2008-12-08,Shooter,4.5
MotoGP 08,2008-12-02,Racing,5.0
Worldwide Soccer Manager 2009,2008-12-18,"Sports, Simulation",7.9
War Plan Pacific,2008-12-17,Strategy,7.4
Outcry,2008-12-16,Action,6.8
NHL 09,2008-12-11,Sports,5.5
Barbie Horse Adventures: Riding Camp,2008-12-31,Adventure,6.2
Top Chef: The Game,2008-12-22,Strategy,6.5
Shattered Suns,2008-12-22,Strategy,4.3
Puzzlegeddon,2008-12-12,Puzzle,7.9
Hired Guns: The Jagged Edge,2008-12-12,Strategy,5.9
The Tale of Despereaux,2009-01-07,Action,3.0
GTR Evolution,2009-01-05,Racing,8.5
World War One -- La Grande Guerre,2009-01-09,Strategy,5.2
Space War Commander,2009-01-14,Strategy,7.2
PBR: Out of the Chute,2009-01-20,Sports,3.5
MindHabits,2009-01-20,Productivity,4.5
Commander in Chief: Geo-Political Simulator 2009,2009-01-28,Simulation,4.5
Cesar Millan's The Dog Whisperer,2009-01-28,Simulation,3.0
Battlestrike: Force of Resistance,2009-01-27,Shooter,5.0
MLB Front Office Manager,2009-01-27,"Sports, Simulation",6.6
Cartoon Network Universe: FusionFall,2009-01-30,RPG,7.0
Perfect World,2009-01-29,RPG,7.5
Orchard,2009-01-29,Simulation,4.0
ShellShock 2: Blood Trails,2009-03-02,Shooter,4.6
Major League Baseball 2K9,2009-03-09,Sports,6.6
Grey's Anatomy: The Video Game,2009-03-11,Simulation,6.0
The Chronicles of Riddick: Assault on Dark Athena,2009-03-31,Shooter,7.4
"Wallace & Gromit's Grand Adventures, Episode 1: Fright of the Bumblebees",2009-03-31,Adventure,8.5
Wanted: Weapons of Fate,2009-03-30,Action,7.3
Tom Clancy's HAWX,2009-03-18,"Flight, Action",6.7
Age of Booty,2009-03-17,Strategy,5.5
World in Conflict: Soviet Assault,2009-03-16,Strategy,7.8
World in Conflict (Complete Edition),2009-03-16,Strategy,9.0
Merchants of Brooklyn,2009-03-27,Shooter,5.0
The Last Remnant,2009-03-20,RPG,6.8
The Godfather II,2009-04-07,Action,7.6
Iron Grip: Warlord,2009-04-02,Strategy,4.5
Stormrise,2009-04-03,Strategy,2.1
Monsters vs. Aliens,2009-04-03,Action,5.0
Unreal Tournament III: Titan Pack,2009-04-01,Shooter,8.5
Wheelman,2009-04-14,Action,4.8
The Chronicles of Riddick: Assault on Dark Athena,2009-03-31,Shooter,7.4
Free Realms,2009-05-06,RPG,8.8
Plants vs. Zombies,2009-05-05,Strategy,9.0
The Chronicles of Spellborn,2009-05-05,RPG,7.5
MLB Dugout Heroes,2009-05-05,Sports,7.4
Stalin vs. Martians,2009-05-04,Strategy,2.0
"Wallace & Gromit's Grand Adventures, Episode 2: The Last Resort",2009-05-12,Adventure,7.0
Smashing Toys,2009-05-04,"Racing, Action",3.5
Cryostasis: Sleep of Reason,2009-04-24,Shooter,6.0
Neverwinter Nights 2 Adventure Pack: Mysteries of Westgate,2009-05-08,RPG,7.0
Terminator Salvation,2009-06-08,Shooter,6.3
DCS: Black Shark,2009-05-13,"Flight, Simulation",8.0
Ghostbusters: The Video Game,2009-06-15,Action,7.6
"Wallace & Gromit's Grand Adventures, Episode 3: Muzzled!",2009-06-22,Adventure,7.1
Railworks,2009-06-22,Simulation,7.0
The Humans,2009-06-16,Platformer,6.5
Transformers: Revenge of the Fallen,2009-06-23,Action,6.0
Smash Ball,2009-06-26,Action,7.9
Battlefield Heroes,2009-07-21,Shooter,8.0
Tales of Monkey Island -- Chapter 1: Launch of the Screaming Narwhal,2009-07-07,Adventure,7.9
Harry Potter and the Half-Blood Prince,2009-07-02,Action,7.5
Rise of Flight: The First Great Air War,2009-07-08,"Flight, Simulation",7.9
Fuel,2009-07-08,Racing,5.1
ArmA II,2009-07-02,Shooter,7.8
Ice Age: Dawn of the Dinosaurs,2009-07-08,Platformer,6.5
Dawn of Discovery,2009-07-15,Strategy,8.2
Age of Pirates 2: City of Abandoned Ships,2009-07-14,"Action, Adventure",5.7
Droplitz,2009-07-14,Puzzle,7.5
Bookworm Adventures Volume 2,2009-07-30,Adventure,8.3
Trine,2009-08-06,Platformer,8.2
WarpForce,2009-08-24,RPG,4.0
"Wallace & Gromit's Grand Adventures, Episode 4: The Bogey Man",2009-08-20,Adventure,7.2
Tales of Monkey Island -- Chapter 2: The Siege of Spinner Cay,2009-08-25,Adventure,7.9
Raven Squad,2009-09-03,Shooter,2.0
Heroes Over Europe,2009-09-25,"Flight, Action",6.0
Tales of Monkey Island -- Chapter 3: Lair of the Leviathan,2009-09-29,Adventure,8.0
Aion,2009-10-08,RPG,8.5
CrimeCraft,2009-10-09,Action,5.6
Dreamkiller,2009-10-22,Shooter,4.2
Fallen Earth,2009-10-21,RPG,8.1
FIFA Soccer 10,2009-10-21,Sports,7.0
Tales of Monkey Island -- Chapter 4: The Trial and Execution of Guybrush Threepwood,2009-10-30,Adventure,7.2
The Stronghold Collection,2009-11-20,"Strategy, Compilation",7.0
WorldShift,2009-11-20,Strategy,5.0
Tales of Monkey Island -- Chapter 5: Rise of the Pirate God,2009-12-08,Adventure,8.3
Max & the Magic Marker,2010-02-12,Platformer,7.0
Global Agenda,2010-03-12,RPG,8.4
Diner Dash 5: Boom,2010-03-04,Strategy,6.5
Major League Baseball 2K10,2010-03-04,Sports,7.3
BioShock 2,2010-02-09,Shooter,9.1
Napoleon: Total War,2010-02-18,Strategy,8.9
Metro 2033,2010-03-19,Shooter,6.9
A Kingdom for Keflings,2010-03-30,Simulation,8.5
Dawn of Discovery: Venice,2010-04-26,Strategy,6.5
Sam & Max: The Devil's Playhouse -- Episode 1: The Penal Zone,2010-04-05,Adventure,7.2
Toy Story 3: The Video Game,2010-07-06,Action,7.5
Monkey Island 2: LeChuck's Revenge -- Special Edition,2010-07-06,Adventure,8.9
Transformers: War for Cybertron,2010-06-24,Shooter,9.0
Sam & Max: The Devil's Playhouse -- Episode 2: The Tomb of Sammun-Mak,2010-05-21,Adventure,8.0
Blur,2010-06-02,Racing,7.0
APB,2010-07-09,Action,7.7
Rhythm Zone,2010-07-30,Music,5.0
Wedding Dash 4-Ever,2010-08-24,Strategy,7.5
Need for Speed World,2010-08-06,Racing,6.0
City of Heroes: Going Rogue,2010-09-20,RPG,7.0
Sam & Max: The Devil's Playhouse,2010-10-01,"Adventure, Compilation",8.0
Puzzle Quest 2,2010-09-17,"Puzzle, Adventure",8.5
R.U.S.E.,2010-09-24,Strategy,8.5
Darksiders,2010-09-23,Action,8.0
Elemental: War of Magic,2010-09-07,Strategy,6.0
FIFA Soccer 11,2010-10-22,Sports,8.0
Poker Night at the Inventory,2010-11-22,Card,8.0
Cooking Dash 3: Thrills & Spills,2010-11-03,Strategy,8.5
LEGO Universe,2010-10-29,Action,5.0
Guardians of Graxia,2010-11-18,"Card, Battle",5.5
James Bond 007: Blood Stone,2010-11-02,Action,5.0
Cities XL 2011,2010-11-16,Simulation,7.0
Create,2010-12-04,Adventure,6.0
Back to the Future: The Game -- Episode 2: Get Tannen!,2011-02-28,Adventure,8.5
Tron Evolution,2010-12-15,Action,6.0
Back to the Future: The Game -- Episode 1: It's About Time,2010-12-23,Adventure,8.5
World of Warcraft: Cataclysm,2010-12-22,RPG,9.0
Test Drive Unlimited 2,2011-02-16,Racing,5.5
Crasher,2011-02-09,"Action, RPG",5.5
Zeit 2,2011-01-28,Shooter,7.0
Battle: Los Angeles,2011-03-15,Shooter,5.5
The Sims Medieval,2011-03-24,Simulation,8.5
Ghostbusters: Sanctum of Slime,2011-03-23,Shooter,4.5
Dragon Age II,2011-03-08,RPG,8.5
Darkspore,2011-04-26,"Action, RPG",7.0
Back to the Future: The Game -- Episode 3: Citizen Brown,2011-03-30,Adventure,7.5
Your Doodles Are Bugged,2011-05-03,Action,7.5
Battlefield Play4Free,2011-04-15,Shooter,6.0
Fable III,2011-05-17,RPG,6.0
Dirt 3,2011-05-24,Racing,8.5
DCS: A-10C Warthog,2011-06-17,"Flight, Simulation",8.0
Super Street Fighter IV: Arcade Edition,2011-07-07,Fighting,8.5
Back to the Future: The Game,2011-06-28,Adventure,7.5
Back to the Future: The Game -- Episode 4: Double Visions,2011-06-20,Adventure,6.5
Back to the Future: The Game -- Episode 5: Outatime,2011-06-24,Adventure,7.0
Gods & Heroes: Rome Rising,2011-07-12,RPG,4.0
Dragon Age II -- Legacy,2011-08-02,RPG,6.5
World of Tanks,2011-07-21,RPG,7.5
Age of Empires Online,2011-08-24,Strategy,7.0
Black Prophecy,2011-08-11,Action,7.5
Pirates of Black Cove,2011-08-16,"Strategy, RPG",5.5
Hard Reset,2011-09-13,Shooter,7.5
Driver: San Francisco,2011-08-26,"Racing, Action",8.0
The Sims Medieval: Pirates and Nobles,2011-09-21,Simulation,5.5
Blocks That Matter,2011-09-27,Platformer,8.5
Rise of Immortals,2011-09-26,RPG,4.0
Oio,2011-10-10,Platformer,7.5
Dragon Nest,2011-10-07,Adventure,8.5
Battlefield 3,2011-10-24,Shooter,9.0
Dragon Age II -- Mark of the Assassin,2011-10-17,RPG,8.5
Before the Echo,2011-11-03,Music,6.5
Rochard,2011-11-08,Action,8.5
Sonic Generations,2011-11-05,Platformer,8.5
Jurassic Park: The Game,2011-11-18,Adventure,5.5
L.A. Noire The Complete Edition,2011-11-15,Adventure,8.5
Dustforce,2012-01-18,Platformer,8.0
Afterfall: Insanity,2012-01-12,Shooter,4.5
Choplifter HD,2012-01-09,Action,8.0
4 Elements II,2012-02-09,Puzzle,7.5
Microsoft Flight,2012-03-14,"Flight, Simulation",5.0
Gotham City Impostors,2012-02-10,Shooter,7.0
Syndicate,2012-02-21,Action,7.5
UEFA Euro 2012,2012-04-24,Sports,6.5
Tera: Rising,2012-05-25,RPG,6.5
Diablo III,2012-05-14,"Action, RPG",9.5
Sword & Sworcery EP,2012-04-24,Adventure,9.0
Inversion,2012-06-05,Shooter,5.5
The Walking Dead: The Game -- Episode 2: Starved For Help,2012-06-27,Adventure,8.5
The Secret World,2012-07-25,RPG,7.0
Fray,2012-07-03,Action,2.0
Bientot L'ete,2013-02-15,Adventure,7.0
Special Forces: Team X,2013-02-15,Shooter,4.5
Dungeonland,2013-02-14,"Action, Adventure",4.6
The Walking Dead: Survival Instinct,2013-03-21,Shooter,4.5
SimCity,2013-03-13,Simulation,7.0
Dollar Dash,2013-03-08,Action,4.8
Mass Effect 3: Citadel,2013-03-08,RPG,9.1
Aliens: Colonial Marines,2013-02-12,Shooter,5.0
StarCraft II: Heart of the Swarm,2013-03-19,Strategy,8.6
The Showdown Effect,2013-03-18,Action,6.0
Dead Space 3: Awakened,2013-03-15,"Action, Adventure",8.2
Telltale Games' Poker Night 2,2013-04-30,Card,7.5
Resident Evil Revelations,2013-05-20,"Action, Adventure",7.5
God Mode,2013-04-23,Shooter,6.7
Assassin's Creed III -- The Tyranny of King Washington,2013-04-23,"Action, Adventure",6.8
Dead Island Riptide,2013-04-22,Action,7.2
Age of Wushu,2013-05-07,RPG,7.0
Legends of Dawn,2013-07-16,RPG,2.8
The Walking Dead: 400 Days,2013-07-02,"Adventure, Episodic",8.9
Leisure Suit Larry Reloaded,2013-07-10,"Adventure, Adult",4.1
Marvel Heroes,2013-06-21,RPG,5.7
Disney Infinity -- PC Game,2013-08-18,Action,8.7
Deadpool,2013-06-25,Action,6.0
Rayman Legends,2013-08-26,Platformer,9.5
Castle of Illusion Starring Mickey Mouse,2013-09-03,Platformer,6.7
Spelunky,2013-08-06,Platformer,9.0
The Raven: Legacy of a Master Thief Chapter I: The Eye of the Sphinx,2013-07-30,Adventure,9.0
The Raven: Legacy of a Master Thief Chapter II: Ancestry of Lies,2013-10-04,Adventure,5.5
MechWarrior Online,2013-09-28,"Action, Simulation",7.3
Guardians of Middle-earth,2013-10-01,Battle,7.9
FIFA 14,2013-09-23,Sports,9.0
Narco Terror,2013-09-19,Shooter,6.5
ArmA III,2013-09-19,Shooter,7.0
Glare,2013-10-18,"Platformer, Action",7.1
Legends of Aethereus,2013-10-11,"Action, RPG",4.7
Battlefield 4,2013-10-29,Shooter,8.5
Need for Speed Rivals,2013-11-20,Racing,8.0
SimCity: Cities of Tomorrow,2013-11-20,Simulation,7.5
Rocksmith 2014,2013-10-22,Music,9.0
The Raven: Legacy of a Master Thief Chapter III: A Murder of Ravens,2013-12-05,Adventure,6.5
KickBeat,2014-01-23,"Music, Action",6.5
Don't Starve,2014-01-14,Adventure,7.5
Young Justice: Legacy,2013-12-11,"Action, RPG",4.8
The Novelist,2013-12-11,Puzzle,6.5
The Walking Dead: Season Two -- Episode 1: All That Remains,2013-12-17,Adventure,8.0
Strider,2014-02-18,Action,7.5
The Walking Dead: A Telltale Game Series -- Season Two,2013-12-17,Adventure,8.0
League of Legends,2014-02-13,Action,9.2
Rekoil,2014-02-03,Shooter,3.0
The Walking Dead: Season Two -- Episode 2: A House Divided,2014-03-04,Adventure,9.5
Rambo: The Video Game,2014-02-21,Shooter,3.0
Hearthstone: Heroes of WarCraft,2014-03-13,"Card, Battle",9.0
Diablo III: Reaper of Souls,2014-03-29,"Action, RPG",9.1
The Amazing Spider-Man 2,2014-05-01,Action,5.4
WildStar,2014-06-26,RPG,8.7
War of the Vikings,2014-04-23,,3.5
Transformers: Rise of the Dark Spark,2014-06-27,Action,4.9
The Walking Dead: Season Two -- Episode 3: In Harm's Way,2014-05-13,Adventure,9.0
The Walking Dead: Season Two -- Episode 4: Amid the Ruins,2014-07-23,Adventure,6.0
Minimum,2014-09-19,Shooter,6.5
Defense Grid 2,2014-10-14,"Strategy, RPG",8.0
The Walking Dead: Season Two -- Episode 5: No Going Back,2014-08-26,Adventure,9.5
Watch Dogs: Bad Blood,2014-10-10,Action,6.8
Project Spark,2014-10-07,"Productivity, Action",8.0
World of Warcraft: Warlords of Draenor,2014-11-13,RPG,9.0
Scrolls,2014-12-23,"Card, Battle",7.4
Chaos Heroes Online,2015-02-04,Action,5.6
Raven's Cry,2015-02-03,Action,3.0
Heroes of the Storm,2015-06-02,Strategy,6.5
Shadowrun Chronicles: Boston Lockdown,2015-05-05,RPG,6.5
Infinite Crisis,2015-04-29,Strategy,6.9
Rise of Incarnates,2015-07-15,Fighting,8.0
Guild Wars 2: Heart of Thorns,2015-11-07,RPG,7.6
Sword Coast Legends,2015-10-28,RPG,5.5
StarCraft II: Legacy of the Void,2015-11-21,Strategy,8.9
Plants vs. Zombies: Garden Warfare 2,2016-02-24,Shooter,8.2
Pillar of Eternity: The White March - Part II,2016-02-24,RPG,8.0
Resident Evil Zero,2016-01-19,"Action, Adventure",6.5
The Walking Dead: Michonne -- Episode 1: In Too Deep,2016-02-23,Adventure,7.0
Mega Man Legacy Collection,2015-08-25,Action,9.0
Gauntlet,2015-08-20,Action,7.1
World of Warcraft: Legion,2016-09-09,RPG,9.1
Dead Star,2016-04-09,Strategy,7.1
HTC Vive,2016-04-07,Hardware,9.3
Lucky's Tale,2016-04-06,Platformer,6.0
Starcraft II: Nova Covert Ops -- Mission Pack 1,2016-04-05,Strategy,6.2
The Walking Dead: Michonne -- Episode 2: Give No Shelter,2016-04-01,Adventure,7.2
Ashes of Singularity,2016-03-31,Strategy,7.7
Oculus Rift,2016-03-31,Hardware,9.0
Adr1ft [VR Edition],2016-03-28,Adventure,7.0
Edge of Nowhere,2016-06-07,Adventure,6.7
Mirror's Edge Catalyst,2016-06-06,"Action, Adventure",6.8
The Walking Dead: Michonne -- Episode 3: What We Deserve,2016-04-27,Adventure,6.3
Overwatch,2016-05-28,Shooter,9.4
Ghostbusters,2016-07-16,Action,4.4
Starcraft II: Nova Covert Ops -- Mission Pack 2,2016-08-04,Strategy,6.4
