title,release_date,genre,developer,publisher,required_age,critic_score,critic_score_phrase,average_playtime,median_playtime,owners,price
Home: A Unique Horror Adventure,2012-09-06,Adventure,Benjamin Rivers Inc.,Benjamin Rivers Inc.,0,6.5,Okay,21,21,350000,1.99
Symphony,2012-08-30,Shooter,Empty Clip Studios,Empty Clip Studios,0,7.0,Good,321,321,350000,6.19
Thirty Flights of Loving,2012-08-29,Adventure,Blendo Games,Blendo Games,0,8.0,Great,0,0,150000,3.99
Worms Revolution,2012-10-02,Strategy,Team17 Digital Ltd,Team17 Digital Ltd,0,8.5,Great,445,259,1500000,10.99
Shad'O,2012-09-28,Adventure,Okugi Studio,Okugi Sudio,0,7.0,Good,58,58,35000,3.99
Counter-Strike: Global Offensive,2012-08-27,Shooter,Valve;Hidden Path Entertainment,Valve,0,8.0,Great,22494,6502,75000000,0.0
Hotline Miami,2012-10-26,Action,Dennaton Games,Devolver Digital,18,8.8,Great,380,237,3500000,6.99
Edna & Harvey: Harvey's New Eyes,2012-10-26,Adventure,Daedalic Entertainment,Daedalic Entertainment,0,6.0,Okay,170,268,350000,15.99
Doom 3: BFG Edition,2012-10-25,RPG,id Software,Bethesda Softworks,18,7.6,Good,644,985,750000,14.99
Borderlands 2: Captain Scarlett and her Pirate's Booty,2012-10-18,"Shooter, RPG",Gearbox Software;Aspyr (Mac);Aspyr (Linux),2K;Aspyr (Mac);Aspyr (Linux),18,7.5,Good,3276,1139,7500000,19.99
Torchlight II,2012-09-20,"Action, RPG",Runic Games,Runic Games,0,9.1,Amazing,1037,508,3500000,14.99
Iron Brigade,2012-08-15,Action,Double Fine Productions,Double Fine Productions,0,9.0,Amazing,21,31,150000,10.99
Cortex Command,2012-10-09,"Action, Simulation",Data Realms,"Data Realms, LLC",0,5.0,Mediocre,199,229,1500000,14.99
XCOM: Enemy Unknown,2012-10-08,Strategy,Firaxis Games;Feral Interactive (Mac);Feral Interactive (Linux),2K;Feral Interactive (Mac);Feral Interactive (Linux),12,8.2,Great,1470,1049,3500000,14.99
They Bleed Pixels,2012-09-18,Platformer,Spooky Squid Games Inc.,Spooky Squid Games Inc.,0,8.2,Great,300,390,350000,6.99
F1 2012,2012-09-17,Racing,Codemasters Birmingham,Codemasters,0,9.0,Amazing,1623,2887,350000,14.99
Dishonored,2012-10-07,Action,Arkane Studios,Bethesda Softworks,0,9.2,Amazing,749,565,3500000,7.99
Colour Bind,2012-10-15,,Finn Morgan,Puppy Punch Productions,0,6.2,Okay,0,0,10000,6.99
Snapshot,2012-09-17,Platformer,Retro Affect,Retro Affect,0,5.0,Mediocre,89,89,350000,6.99
Borderlands 2,2012-09-13,"Shooter, RPG",Gearbox Software;Aspyr (Mac);Aspyr (Linux),2K;Aspyr (Mac);Aspyr (Linux),18,9.0,Amazing,3276,1139,7500000,19.99
Hell Yeah! Wrath of the Dead Rabbit,2012-10-04,Platformer,Arkedo,SEGA,12,4.9,Bad,188,146,1500000,9.99
Pid,2012-10-30,Platformer,Might and Delight,Might and Delight,0,7.8,Good,61,65,750000,6.99
Chivalry: Medieval Warfare,2012-10-29,Adventure,Torn Banner Studios,Torn Banner Studios,0,7.9,Good,675,293,7500000,18.99
Call of Duty: Black Ops II,2012-11-13,Shooter,Treyarch,Activision,18,9.3,Amazing,524,400,3500000,39.99
Lucius,2012-11-06,Adventure,Shiver Games,Shiver Games,18,6.0,Okay,172,190,750000,6.99
Primal Carnage,2012-11-05,Shooter,Lukewarm Media,Reverb Triple XP;Circle 5,0,7.6,Good,423,470,350000,5.59
Natural Selection 2,2012-11-05,Shooter,Unknown Worlds Entertainment,Unknown Worlds Entertainment,0,8.0,Great,627,253,1500000,6.99
Waking Mars,2012-11-19,Action,Tiger Style,Tiger Style,0,6.5,Okay,229,229,350000,6.99
Hitman: Absolution,2012-11-18,Action,Io-Interactive A/S;Feral Interactive (Mac),Io-Interactive A/S;Feral Interactive (Mac),18,9.0,Amazing,650,400,3500000,14.99
Guns of Icarus Online,2012-11-16,Shooter,Muse Games,Muse Games,0,7.3,Good,275,295,3500000,3.99
Miner Wars 2081,2012-12-14,Shooter,Keen Software House,Keen Software House,0,5.0,Mediocre,0,0,75000,3.99
PlanetSide 2,2012-11-30,Shooter,Daybreak Game Company,Daybreak Game Company,0,9.0,Amazing,1051,150,7500000,0.0
Strike Suit Zero,2013-01-22,Shooter,Born Ready Games Ltd.,Born Ready Games,0,7.5,Good,57,77,350000,14.99
Little Inferno,2012-11-27,Puzzle,Tomorrow Corporation,Tomorrow Corporation,0,5.0,Mediocre,177,246,750000,6.99
DmC: Devil May Cry,2013-01-14,Action,Ninja Theory,Capcom,16,8.9,Great,533,558,1500000,23.99
Far Cry 3,2012-11-21,Shooter,"Ubisoft Montreal, Massive Entertainment, and Ubisoft Shanghai",Ubisoft,0,9.0,Amazing,836,794,3500000,16.99
Miasmata,2012-12-04,Adventure,IonFx,IonFX Studios,0,7.9,Good,171,171,150000,11.99
Day of Defeat,2003-05-23,Shooter,Valve,Valve,0,8.0,Great,187,34,7500000,3.99
Unreal Tournament 2004,2004-03-11,Shooter,"Epic Games, Inc.","Epic Games, Inc.",0,9.4,Amazing,414,496,350000,8.99
Counter-Strike: Condition Zero,2004-03-23,Shooter,Valve,Valve,0,7.0,Good,427,43,15000000,7.19
Half-Life 2,2004-11-15,Shooter,Valve,Valve,0,9.7,Amazing,691,402,15000000,7.19
Half-Life 2,2004-11-15,Shooter,Valve,Valve,0,9.7,Amazing,311,32,15000000,3.99
Dungeon Siege II,2005-08-15,RPG,Gas Powered Games,Square Enix,0,8.5,Great,754,1502,750000,4.99
Red Orchestra: Ostfront 41-45,2006-03-31,Shooter,Tripwire Interactive,Tripwire Interactive,0,8.5,Great,232,258,750000,3.99
SiN Episodes: Emergence,2006-05-24,Shooter,Ritual Entertainment,Ritual Entertainment,0,8.0,Great,0,0,150000,7.19
Shadowgrounds,2006-05-30,Action,Frozenbyte,Frozenbyte,0,7.5,Good,186,258,750000,3.99
Half-Life 2: Episode One,2006-06-01,Shooter,Valve,Valve,0,8.5,Great,281,184,7500000,5.79
Company of Heroes,2006-09-11,Strategy,Relic Entertainment,SEGA,0,9.4,Amazing,1475,465,750000,0.0
DEFCON,2006-10-20,Strategy,Introversion Software,Introversion Software,0,8.5,Great,80,119,750000,7.19
RoboBlitz,2006-11-07,Action,Naked Sky Entertainment,Naked Sky Entertainment,0,8.0,Great,78,78,35000,5.99
Heroes of Annihilated Empires,2006-11-22,Strategy,GSC Game World,GSC Game World,0,6.0,Okay,0,0,75000,9.99
S.T.A.L.K.E.R.: Shadow of Chernobyl,2007-03-19,Shooter,GSC Game World,GSC Game World,0,8.2,Great,493,360,1500000,9.99
Silverfall,2007-04-04,"Action, RPG",Monte Cristo,Focus Home Interactive,0,5.5,Mediocre,0,0,35000,7.99
Lost Planet: Extreme Condition,2007-06-29,Action,"CAPCOM Co., Ltd.",Capcom,0,5.8,Mediocre,74,74,350000,9.99
Medieval II: Total War Kingdoms,2007-09-10,Strategy,The Creative Assembly;Feral Interactive (Mac);Feral Interactive (Linux),SEGA;Feral Interactive (Mac);Feral Interactive (Linux),0,8.4,Great,0,0,350000,0.0
Company of Heroes: Opposing Fronts,2007-09-28,Strategy,Relic Entertainment,SEGA,0,8.8,Great,79,106,3500000,9.99
Ducati World Championship,2007-09-25,Racing,Artematica Entertainment,Strategy First,0,3.0,Awful,0,0,35000,3.99
Team Fortress 2,2007-10-09,Shooter,Valve,Valve,0,8.9,Great,8495,623,35000000,0.0
Loki: Heroes of Mythology,2007-10-15,"Action, RPG",Cyanide Studios,Focus Home Interactive,0,6.0,Okay,0,0,35000,6.99
Half-Life 2: Episode Two,2007-10-09,Shooter,Valve,Valve,0,9.4,Amazing,354,301,7500000,5.79
Portal,2007-10-09,Shooter,Valve,Valve,0,8.2,Great,288,137,15000000,7.19
Call of Duty 4: Modern Warfare,2007-11-05,Shooter,Infinity Ward;Aspyr (Mac),Activision;Aspyr (Mac),0,9.4,Amazing,1417,1503,1500000,19.99
RACE 07,2007-11-07,Racing,SimBin,SimBin,0,8.5,Great,1636,218,1500000,2.49
Conflict: Denied Ops,2008-02-25,Shooter,Pivotal Games,Square Enix,0,4.0,Bad,0,0,75000,3.99
The Club,2008-02-29,Action,Bizarre Creations,SEGA,0,6.9,Okay,0,0,35000,9.99
Frontlines: Fuel of War,2008-02-26,Shooter,Kaos Studios,THQ Nordic,0,7.8,Good,154,154,350000,9.99
"Warhammer 40,000: Dawn of War -- Soulstorm",2008-03-14,Strategy,Relic Entertainment,SEGA,16,7.0,Good,1433,1629,1500000,9.99
Ninja Reflex: Steamworks Edition,2008-04-16,Party,Sanzaru Games,Nunchuck Games,0,6.0,Okay,121,121,10000,3.99
Assassin's Creed: Director's Cut Edition,2008-04-08,Action,Ubisoft Montreal,Ubisoft,0,7.8,Good,360,476,750000,8.59
Gumboy Tournament,2008-06-03,Action,"CINEMAX, s.r.o.","CINEMAX, s.r.o.",0,6.6,Okay,46,49,75000,1.79
Chaos Theory,2008-06-11,Puzzle,blurredVision,blurredVision,0,6.5,Okay,0,0,10000,1.99
Trials 2: Second Edition,2008-06-11,Racing,Redlynx,RedLynx Ltd.,0,8.0,Great,382,382,75000,5.99
Pacific Storm: Allies,2008-06-27,Strategy,Buka Entertainment;Lesta Studio,Buka Entertainment,0,6.8,Okay,0,0,75000,5.59
Crazy Machines 2,2008-06-26,Puzzle,Fakt Software,Viva Media,0,6.8,Okay,66,66,150000,7.19
FlatOut: Ultimate Carnage,2008-09-12,Racing,Bugbear Entertainment,Strategy First,0,7.8,Good,37,71,350000,16.99
S.T.A.L.K.E.R.: Clear Sky,2008-09-05,Shooter,GSC Game World,GSC World Publishing,0,7.3,Good,716,779,750000,7.99
Crysis Warhead,2008-09-12,Shooter,Crytek,Electronic Arts,0,9.4,Amazing,18,29,750000,7.99
Sid Meier's Civilization IV: Colonization,2008-09-26,Strategy,Firaxis Games,2K,0,8.7,Great,1,1,1500000,9.99
Peggle Nights,2008-09-25,Puzzle,"PopCap Games, Inc.","PopCap Games, Inc.",0,8.4,Great,237,237,350000,4.25
LEGO Batman: The Videogame,2008-09-24,"Action, Adventure",Traveller's Tales,Warner Bros. Interactive Entertainment,0,7.7,Good,490,716,350000,14.99
Brothers in Arms: Hell's Highway (Limited Edition),2008-10-07,Shooter,Gearbox Software,Ubisoft,0,7.9,Good,346,346,150000,8.59
Brothers in Arms: Hell's Highway (Limited Edition),2008-10-07,Shooter,Gearbox Software,Ubisoft,0,7.9,Good,164,164,150000,4.29
Brothers in Arms: Hell's Highway,2008-10-07,Shooter,Gearbox Software,Ubisoft,0,7.9,Good,346,346,150000,8.59
Brothers in Arms: Hell's Highway,2008-10-07,Shooter,Gearbox Software,Ubisoft,0,7.9,Good,164,164,150000,4.29
World of Goo,2008-10-20,Puzzle,2D BOY,2D BOY ,0,9.0,Amazing,194,277,1500000,6.99
Gravitron 2,2008-10-23,Shooter,Dark Castle Software,Dark Castle Software,0,6.6,Okay,0,0,10000,2.99
Fallout 3,2008-10-27,"Action, RPG",Bethesda Game Studios,Bethesda Softworks,0,9.6,Amazing,588,617,750000,7.99
Far Cry 2,2008-10-21,Shooter,Ubisoft Montreal,Ubisoft,0,8.9,Great,257,229,1500000,8.59
X3: Terran Conflict,2008-10-29,Simulation,Egosoft,Egosoft,0,8.0,Great,972,1273,750000,15.99
Bejeweled Twist,2008-11-06,Puzzle,"PopCap Games, Inc.","PopCap Games, Inc.",0,7.4,Good,0,0,35000,4.25
7 Wonders: Treasures of Seven,2008-11-06,Puzzle,MumboJumbo,MumboJumbo,0,5.9,Mediocre,0,0,35000,6.99
Bully: Scholarship Edition,2008-10-28,Action,Rockstar New England,Rockstar Games,0,7.8,Good,319,225,1500000,9.99
Exodus from the Earth,2008-10-27,Shooter,Parallax Arts Studio,Strategy First,0,6.2,Okay,0,0,10000,10.99
Call of Duty: World at War,2008-11-11,Shooter,Treyarch,Activision,16,9.2,Amazing,2331,1108,1500000,19.99
Call of Duty: World at War (Collector's Edition),2008-11-11,Shooter,Treyarch,Activision,16,9.2,Amazing,2331,1108,1500000,19.99
Left 4 Dead,2008-11-17,Shooter,Valve,Valve,0,9.0,Amazing,897,278,7500000,7.19
Need for Speed Undercover,2008-11-19,"Racing, Action",EA Black Box,Electronic Arts,0,5.0,Mediocre,916,1046,350000,9.99
Europa Universalis: Rome -- Vae Victis,2008-12-01,Strategy,Paradox Development Studio,Paradox Interactive,0,7.5,Good,4975,4975,75000,7.99
Prince of Persia,2008-11-26,Platformer,Ubisoft Montreal,Ubisoft,0,9.3,Amazing,305,399,350000,8.59
Legendary,2008-12-05,Shooter,Spark Unlimited,SouthPeak Games,0,2.5,Painful,90,90,350000,1.69
Grand Theft Auto IV,2008-12-02,"Action, Adventure",Rockstar North;Rockstar Toronto,Rockstar Games,0,9.2,Amazing,1255,634,3500000,19.99
Rise of the Argonauts,2008-12-17,"Action, RPG",Liquid Entertainment,Codemasters,0,6.5,Okay,88,147,350000,4.99
Defense Grid: The Awakening,2008-12-22,"Strategy, RPG",Hidden Path Entertainment,Hidden Path Entertainment,0,8.0,Great,455,686,750000,6.99
Saints Row 2,2009-01-06,Action,Volition,Deep Silver,0,6.3,Okay,322,81,3500000,9.99
Mirror's Edge,2009-01-13,"Action, Adventure",DICE,Electronic Arts,0,8.5,Great,260,172,3500000,9.99
Luxor: Quest for the Afterlife,2009-01-12,Puzzle,MumboJumbo,MumboJumbo,0,6.0,Okay,0,0,10000,5.99
F.E.A.R. 2: Project Origin,2009-02-10,Shooter,Monolith,Warner Bros. Interactive Entertainment,0,8.3,Great,301,367,1500000,9.99
Puzzle Quest: Galactrix,2009-03-02,Puzzle,Infinite Interactive,"D3Publisher of America, Inc.",0,8.5,Great,0,0,35000,6.99
Drakensang: The Dark Eye,2009-02-23,RPG,Radon Labs,DTP Entertainment,0,7.6,Good,0,0,150000,6.99
"Warhammer 40,000: Dawn of War II",2009-02-17,Strategy,Relic Entertainment;Feral Interactive (Mac/Linux),SEGA;Feral Interactive (Mac/Linux),0,9.0,Amazing,628,293,3500000,14.99
Tom Clancy's EndWar,2009-03-03,Strategy,Ubisoft  Shanghaï,Ubisoft,0,7.0,Good,384,655,150000,8.59
Watchmen: The End is Nigh -- Part 1,2009-03-05,Action,Deadline Games,Warner Bros. Interactive Entertainment,0,5.5,Mediocre,0,0,35000,3.99
The Maw,2009-03-11,Action,Twisted Pixel Games,Twisted Pixel Games,0,8.0,Great,14,14,75000,8.99
Ceville,2009-03-27,Adventure,Realmforge Studios,Assemble Entertainment,0,9.0,Amazing,0,0,35000,4.79
Dark Sector,2009-03-25,Shooter,Digital Extremes,ND Games,0,7.7,Good,0,0,75000,6.99
The Path,2009-03-24,Action,Tale of Tales,Tale of Tales,0,7.7,Good,49,64,150000,6.99
Grand Ages: Rome,2009-03-20,Strategy,Haemimont Games,Kalypso Media Digital,0,6.8,Okay,319,319,350000,6.99
Braid,2009-04-13,Platformer,Number None,Number None,0,8.8,Great,178,251,1500000,10.99
Flock,2009-04-15,"Puzzle, Action",Proper Games,Capcom,0,6.9,Okay,0,0,35000,3.49
Zeno Clash,2009-04-24,Action,ACE Team,ACE Team,0,8.4,Great,307,307,350000,6.99
Death Track: Resurrection,2009-04-08,Racing,Sky Fallen,1C Entertainment,0,6.7,Okay,0,0,35000,1.99
Company of Heroes: Tales of Valor,2009-04-14,Strategy,Relic Entertainment,SEGA,0,7.0,Good,226,133,3500000,9.99
And Yet It Moves,2009-04-21,Platformer,Broken Rules,Broken Rules,0,8.4,Great,17,22,350000,6.99
Elven Legacy,2009-04-15,Strategy,1C:InoCo,1C Entertainment,0,7.7,Good,27,27,75000,3.99
Velvet Assassin,2009-05-07,Action,Replay Studios,Missing Link Games,0,5.0,Mediocre,9,10,350000,1.69
Alien Shooter: Revisited,2009-06-11,Shooter,Sigma Team Inc.,Sigma Team Inc.,0,7.0,Good,0,0,350000,3.99
Alien Shooter: Revisited,2009-06-11,Shooter,Sigma Team Inc.,Sigma Team Inc.,0,7.0,Good,0,0,350000,3.99
Helldorado,2009-05-26,Strategy,Spellbound,Black Forest Games;THQ Nordic,0,5.7,Mediocre,0,0,35000,6.99
Alien Shooter 2: Reloaded,2009-06-15,"Action, RPG",Sigma Team Inc.,Sigma Team Inc.,0,7.5,Good,169,169,350000,3.99
Prototype,2009-06-10,Action,Radical Entertainment,Activision,0,7.5,Good,645,1001,750000,14.99
Damnation,2009-06-15,Shooter,Blue Omega Entertainment,Codemasters,0,2.5,Painful,0,0,75000,6.99
NecroVisioN,2009-05-20,Shooter,The Farm 51,1C Entertainment,0,6.9,Okay,113,113,150000,3.99
Killing Floor,2009-05-20,Shooter,Tripwire Interactive,Tripwire Interactive,0,7.5,Good,1328,306,3500000,14.99
Delta Force: Xtreme 2,2009-06-12,Shooter,NovaLogic,NovaLogic;THQ Nordic,0,4.8,Bad,0,0,35000,3.99
Delta Force: Xtreme 2,2009-06-12,Shooter,NovaLogic,NovaLogic;THQ Nordic,0,4.8,Bad,0,0,35000,6.99
Delta Force: Xtreme 2,2009-06-12,Shooter,NovaLogic,NovaLogic;THQ Nordic,0,4.8,Bad,0,0,10000,14.99
Delta Force: Xtreme 2,2009-06-12,Shooter,NovaLogic,NovaLogic;THQ Nordic,0,4.8,Bad,0,0,35000,0.0
Yosumin!,2009-06-22,Puzzle,Square Enix,Square Enix,0,7.1,Good,0,0,150000,3.99
Light of Altair,2009-06-16,Simulation,SaintXi,SaintXi,0,7.0,Good,0,0,35000,11.99
Overlord II,2009-06-25,Adventure,Triumph Studios;Virtual Programming,Codemasters,0,6.3,Okay,197,119,1500000,6.99
Blueberry Garden,2009-06-25,Other,Erik Svedäng,Erik Svedäng,0,6.0,Okay,9,9,35000,3.99
America's Army 3,2009-07-02,Shooter,U.S. Army,U.S. Army,0,8.4,Great,12,13,750000,0.0
Nancy Drew: Ransom of the Seven Ships,2009-07-20,Adventure,HeR Interactive,HeR Interactive,0,7.3,Good,0,0,10000,5.19
Nancy Drew: Ransom of the Seven Ships,2009-07-20,Adventure,HeR Interactive,HeR Interactive,0,7.3,Good,0,0,10000,5.19
Nancy Drew: Ransom of the Seven Ships,2009-07-20,Adventure,HeR Interactive,HeR Interactive,0,7.3,Good,0,0,10000,5.19
Nancy Drew: Ransom of the Seven Ships,2009-07-20,Adventure,HeR Interactive,HeR Interactive,0,7.3,Good,0,0,10000,5.19
Nancy Drew: Ransom of the Seven Ships,2009-07-20,Adventure,HeR Interactive,HeR Interactive,0,7.3,Good,0,0,10000,5.19
Nancy Drew: Ransom of the Seven Ships,2009-07-20,Adventure,HeR Interactive,HeR Interactive,0,7.3,Good,0,0,10000,5.19
Call of Juarez: Bound in Blood,2009-06-30,Shooter,Techland,Ubisoft,0,7.7,Good,13,13,350000,8.59
The Secret of Monkey Island: Special Edition,2009-07-15,Adventure,LucasArts,LucasArts;Lucasfilm;Disney Interactive,0,8.7,Great,58,94,750000,7.19
Street Fighter IV,2009-07-15,Fighting,Capcom,Capcom,0,8.9,Great,0,0,150000,13.99
East India Company,2009-07-30,Strategy,Nitro Games,Nitro Games,0,7.7,Good,0,0,75000,7.99
Hearts of Iron III,2009-08-13,Strategy,Paradox Development Studio,Paradox Interactive,0,8.5,Great,809,1364,750000,7.99
Bionic Commando,2009-07-29,Action,Capcom,Capcom,0,7.5,Good,20,30,350000,6.49
Bionic Commando,2009-07-29,Action,Capcom,Capcom,18,7.5,Good,15,16,350000,6.49
Osmos,2009-08-20,Puzzle,Hemisphere Games,Hemisphere Games,0,8.5,Great,27,27,750000,6.99
Zuma's Revenge,2009-09-15,Puzzle,"PopCap Games, Inc.","PopCap Games, Inc.",0,8.0,Great,0,0,150000,4.25
Majesty 2: The Fantasy Kingdom Sim,2009-09-15,Strategy,1C:InoCo,Paradox Interactive,0,7.5,Good,0,0,150000,7.99
Watchmen: The End is Nigh -- Part 2,2009-08-26,Action,Deadline Games  ,Warner Bros. Interactive Entertainment,16,5.0,Mediocre,0,0,35000,3.99
Order of War,2009-09-25,Strategy,Wargaming.net,Square Enix,0,8.0,Great,319,589,350000,5.99
Star Wars: The Clone Wars -- Republic Heroes,2009-10-06,Action,Krome Studios,LucasArts;Lucasfilm;Disney Interactive,0,4.8,Bad,2,2,750000,15.49
Mini Ninjas,2009-10-06,Action,IO Interactive,Square Enix,0,8.0,Great,27,53,350000,7.99
Risen,2009-10-09,RPG,Piranha Bytes,Deep Silver,0,8.6,Great,994,650,750000,7.99
Operation Flashpoint: Dragon Rising,2009-10-08,Shooter,Codemasters Studios,Codemasters,0,8.2,Great,413,417,750000,6.99
Tropico 3,2009-10-16,Strategy,Haemimont Games,Kalypso Media Digital,0,8.4,Great,291,425,1500000,7.99
Machinarium,2009-10-20,Adventure,Amanita Design,Amanita Design,0,8.1,Great,165,241,750000,7.99
Star Wars: The Force Unleashed -- Ultimate Sith Edition,2009-11-02,Action,Krome Studios,LucasArts;Lucasfilm;Disney Interactive,0,7.5,Good,2,2,750000,15.49
Dragon Age: Origins,2009-11-03,RPG,BioWare,Electronic Arts,0,9.0,Amazing,2061,2889,750000,14.99
Call of Duty: Modern Warfare 2,2009-11-10,Shooter,Infinity Ward;Aspyr (Mac),Activision;Aspyr (Mac),0,9.5,Amazing,999,580,7500000,19.99
Painkiller: Resurrection,2009-11-09,Shooter,Homegrown Games,THQ Nordic,0,2.6,Painful,0,0,150000,8.99
Dragon Age: Origins (Collector's Edition),2009-11-03,RPG,BioWare,Electronic Arts,0,9.0,Amazing,2061,2889,750000,14.99
Torchlight,2009-11-18,"Action, RPG",Runic Games,Runic Games,0,8.6,Great,1108,1144,1500000,10.99
Left 4 Dead 2,2009-11-16,Shooter,Valve,Valve,0,9.0,Amazing,1615,566,15000000,7.19
Serious Sam HD,2009-12-02,Shooter,Croteam,Devolver Digital,0,7.5,Good,277,271,1500000,10.99
Rogue Warrior,2009-12-04,Shooter,Rebellion,Bethesda Softworks,0,1.5,Unbearable,29,29,75000,3.99
Wings of Prey,2010-01-07,"Flight, Action",Gaijin Entertainment,Gaijin Entertainment,0,8.3,Great,1154,1154,150000,6.99
Mass Effect 2,2010-01-22,RPG,BioWare,Electronic Arts,0,9.6,Amazing,1087,736,1500000,19.99
Dark Void,2010-01-20,Action,Airtight Games,Capcom,0,5.0,Mediocre,143,143,75000,6.49
Dragon Age: Origins -- Awakening,2010-03-16,RPG,BioWare,Electronic Arts,0,8.5,Great,0,0,150000,9.99
Supreme Commander 2,2010-03-03,Strategy,Gas Powered Games,Square Enix,0,8.4,Great,1834,2894,1500000,8.99
Aliens vs. Predator,2010-02-19,Action,Rebellion,SEGA,0,7.3,Good,170,168,1500000,9.99
Dragon Age: Origins -- Return to Ostagar,2010-03-02,RPG,BioWare,Electronic Arts,0,8.5,Great,0,0,150000,9.99
Battlefield: Bad Company 2 (Limited Edition),2010-03-02,Shooter,DICE,Electronic Arts,0,8.9,Great,1200,671,3500000,14.99
Battlefield: Bad Company 2,2010-03-02,Shooter,DICE,Electronic Arts,0,8.9,Great,1200,671,3500000,14.99
Just Cause 2,2010-03-23,Action,Avalanche Studios,Square Enix,18,8.8,Great,519,272,3500000,9.99
Command & Conquer 4: Tiberian Twilight,2010-03-18,Strategy,EA Los Angeles,Electronic Arts,0,7.4,Good,160,267,350000,9.99
"Warhammer 40,000: Dawn of War II -- Chaos Rising",2010-03-17,Strategy,Relic Entertainment;Feral Interactive (Mac/Linux),SEGA;Feral Interactive (Mac/Linux),16,8.5,Great,186,249,1500000,14.99
Lead and Gold: Gangs of the Wild West,2010-05-06,Shooter,Fatshark,Fatshark,16,7.0,Good,112,128,750000,7.99
Grand Theft Auto: Episodes from Liberty City,2010-04-16,Compilation,Rockstar North / Toronto,Rockstar Games,18,9.2,Amazing,508,112,3500000,14.99
Mount & Blade: Warband,2010-04-13,RPG,TaleWorlds Entertainment,TaleWorlds Entertainment,0,8.1,Great,7932,1884,3500000,14.99
LEGO Harry Potter: Years 1-4,2010-06-29,"Action, Adventure",TT Games,Warner Bros. Interactive Entertainment,0,8.5,Great,518,989,350000,9.99
Singularity,2010-06-29,Shooter,Raven Software,Activision,18,7.0,Good,148,148,150000,14.99
Alpha Protocol,2010-06-01,"Action, RPG",Obsidian Entertainment,SEGA,16,6.3,Okay,267,214,750000,9.99
Puzzle Agent,2010-07-01,Adventure,Telltale Games,Telltale Games,0,6.0,Okay,69,110,750000,3.99
Prince of Persia: The Forgotten Sands,2010-06-09,Action,Ubisoft Montreal,Ubisoft,0,8.0,Great,328,328,350000,8.59
Sniper: Ghost Warrior,2010-07-07,Shooter,City Interactive,CI Games,0,5.0,Mediocre,113,123,1500000,5.99
Kane & Lynch 2: Dog Days,2010-08-25,Action,IO Interactive,Square Enix,18,7.0,Good,282,301,750000,7.99
Amnesia: The Dark Descent,2010-09-03,Adventure,Frictional Games,Frictional Games,0,8.5,Great,173,41,3500000,14.99
Blacklight: Tango Down,2010-07-27,Shooter,Zombie Studios,Ignition Entertainment,0,6.5,Okay,129,193,75000,0.79
Razor2: Hidden Skies,2010-08-02,Shooter,Invent4 Entertainment,Strategy First,0,7.0,Good,28,28,75000,6.99
Lara Croft and the Guardian of Light,2010-10-20,"Action, Adventure",Crystal Dynamics,Square Enix,0,8.5,Great,42,57,750000,7.99
Fallout: New Vegas,2010-10-19,RPG,Obsidian Entertainment,Bethesda Softworks,18,9.0,Amazing,2485,1431,3500000,7.99
Lost Planet 2,2010-10-18,Shooter,"CAPCOM CO., LTD.",Capcom,0,6.0,Okay,879,879,150000,12.99
Recettear: An Item Shop's Tale,2010-09-21,RPG,EasyGameStation,Carpe Fulgur LLC,0,7.5,Good,764,1136,350000,12.99
Sid Meier's Civilization V,2010-09-20,Strategy,Firaxis Games;Aspyr (Mac);Aspyr (Linux),2K;Aspyr (Mac);Aspyr (Linux),0,9.0,Amazing,4760,1797,7500000,19.99
Front Mission Evolved,2010-10-01,Shooter,Double Helix Games,Square Enix,0,6.0,Okay,312,312,350000,7.99
Arcania: Gothic IV,2010-10-12,"Action, RPG",Spellbound Studios,THQ Nordic,0,7.5,Good,398,571,350000,17.99
Medal of Honor,2010-10-12,Shooter,Electronic Arts,Electronic Arts,0,6.5,Okay,133,166,1500000,14.99
Alien Breed 2: Assault,2010-10-06,Shooter,Team17 Digital Ltd,Team17 Digital Ltd,0,8.0,Great,96,96,350000,6.99
Dead Rising 2,2010-09-30,"Action, Adventure",Capcom Vancouver,Capcom,18,8.0,Great,1108,993,750000,14.99
The Ball,2010-10-25,"Action, Adventure",Teotl Studios,Tripwire Interactive,0,7.0,Good,14,14,350000,6.99
Clones,2010-12-03,Strategy,Tomkorp Computer Solutions Inc.,Tomkorp Computer Solutions Inc.,0,6.5,Okay,210,220,150000,0.79
Zen Bound 2,2010-11-30,Puzzle,Secret Exit Ltd.,Secret Exit Ltd.,0,7.5,Good,133,133,350000,3.99
Need for Speed: Hot Pursuit,2010-11-30,Racing,Criterion Games,Electronic Arts,0,9.0,Amazing,467,415,1500000,14.99
DeathSpank: Thongs of Virtue,2010-11-30,"Action, RPG",Hothead Games,Electronic Arts,0,8.5,Great,0,0,75000,7.99
Bit.Trip Beat,2010-11-08,Action,Gaijin Games,Gaijin Games,0,7.5,Good,78,141,350000,6.99
Call of Duty: Black Ops,2010-11-10,Shooter,Treyarch,Activision,18,8.5,Great,2672,517,3500000,29.99
Pound of Ground,2010-11-10,Shooter,Centauri Production,Bohemia Interactive,0,3.5,Awful,0,0,35000,8.99
Nimbus,2010-11-04,Racing,Noumenon Games,Noumenon Games,0,8.0,Great,1,1,75000,5.99
Shank,2010-11-08,Action,Klei Entertainment,Klei Entertainment,0,7.0,Good,255,363,350000,7.19
The Kings' Crusade,2010-11-02,Strategy,NeoCoreGames,Paradox Interactive,0,5.0,Mediocre,0,0,75000,7.99
The UnderGarden,2010-11-16,"Puzzle, Adventure",Artech Studios,Retroism,0,6.5,Okay,23,23,35000,4.99
Bejeweled 3,2010-12-07,Puzzle,"PopCap Games, Inc.","PopCap Games, Inc.",0,8.0,Great,85,158,350000,4.25
Star Wars: The Force Unleashed II,2010-10-27,Action,Aspyr Studios,LucasArts;Lucasfilm;Disney Interactive,0,6.5,Okay,249,365,1500000,15.49
DeathSpank,2010-10-27,"Action, RPG",Hothead Games,Electronic Arts,0,8.5,Great,1008,1008,150000,7.99
Dead Space 2,2011-01-21,"Action, Adventure",Visceral Games,Electronic Arts,0,9.0,Amazing,292,272,1500000,14.99
Rush,2010-12-14,Puzzle,Two Tribes,Two Tribes Publishing,0,8.0,Great,53,56,350000,3.99
Dungeons,2011-02-25,Strategy,Realmforge Studios,Kalypso Media Digital,0,6.5,Okay,112,112,350000,6.99
Flight Control HD,2010-12-14,Simulation,Firemint,Firemint,0,8.0,Great,85,85,75000,2.99
Who's That Flying!?,2011-02-07,Shooter,Mediatonic,Kalypso Media Digital,0,8.0,Great,25,25,35000,3.99
Magicka,2011-01-28,"Action, RPG",Arrowhead Game Studios,Paradox Interactive,0,7.0,Good,589,369,3500000,7.99
Homefront,2011-03-15,Shooter,Kaos Studios;Digital Extremes,Deep Silver,0,7.0,Good,1772,126,3500000,14.99
Risk: Factions,2011-03-15,Strategy,Stainless Games,Electronic Arts,0,7.5,Good,979,1754,75000,7.99
Shift 2 Unleashed,2011-03-29,Racing,Slightly Mad Studios,Electronic Arts,0,8.5,Great,0,0,350000,19.99
Atom Zombie Smasher,2011-03-21,Action,Blendo Games,Blendo Games,0,7.5,Good,72,101,350000,6.99
Bit.Trip Runner,2011-03-21,Platformer,Gaijin Games,Gaijin Games,0,7.0,Good,149,202,750000,6.99
Rift,2011-03-18,RPG,Trion Worlds,Trion Worlds,0,8.5,Great,4104,1997,3500000,0.0
Cities in Motion,2011-03-22,Simulation,Colossal Order Ltd.,Paradox Interactive,0,7.0,Good,1,1,350000,14.99
Hoard,2011-04-05,Action,Big Sandwich Games,Big Sandwich Games,0,7.5,Good,31,31,350000,6.99
Brink,2011-05-10,Shooter,Splash Damage,Bethesda Softworks,0,6.5,Okay,181,99,1500000,0.0
Hector: Badge of Carnage -- Episode 1: We Negotiate with Terrorists,2011-05-10,Adventure,Straandlooper,Telltale Games,0,7.5,Good,0,0,350000,14.99
Shadow Harvest: Phantom Ops,2011-04-21,Shooter,Black Lion Studios,Viva Media,0,4.5,Bad,58,58,35000,6.99
Dino D-Day,2011-04-20,Shooter,800 North and Digital Ranch,800 North and Digital Ranch,0,5.5,Mediocre,172,150,1500000,6.99
Section 8: Prejudice,2011-05-04,Shooter,TimeGate Studios,Atari,0,6.0,Okay,53,53,350000,6.99
Portal 2,2011-04-18,Shooter,Valve,Valve,0,9.5,Amazing,1102,520,15000000,7.19
Theatre of War 3: Korea,2011-04-13,Strategy,1C Entertainment,1C Entertainment,0,5.0,Mediocre,0,0,75000,4.99
Anomaly: Warzone Earth,2011-04-08,Action,11 bit studios,11 bit studios,0,8.0,Great,200,181,750000,7.99
Capsized,2011-05-19,Platformer,Alientrap,Alientrap,0,8.5,Great,152,153,350000,5.99
Yar's Revenge,2011-05-12,Shooter,Killspace Entertainment,Atari,0,5.5,Mediocre,0,0,10000,6.99
Terraria,2011-05-25,"Action, RPG",Re-Logic,Re-Logic,0,9.0,Amazing,5585,1840,7500000,6.99
Duke Nukem Forever,2011-06-14,Shooter,Gearbox Software,2K,18,5.5,Mediocre,434,472,1500000,14.99
Fortix 2,2011-05-24,Action,Nemesys Games,Nemesys Games,0,7.5,Good,487,487,150000,1.59
Red Faction: Armageddon,2011-06-13,Action,Volition,THQ Nordic,18,7.0,Good,307,436,1500000,14.99
Mount & Blade: With Fire & Sword,2011-05-20,RPG,TaleWorlds Entertainment,TaleWorlds Entertainment,0,7.5,Good,723,713,1500000,7.99
Hunted: The Demon's Forge,2011-06-03,"Action, RPG",inXile Entertainment,Bethesda Softworks,0,6.0,Okay,28,28,150000,3.99
Jamestown: Legend of the Lost Colony,2011-06-29,Shooter,Final Form Games,Final Form Games,0,8.5,Great,79,100,750000,6.99
Garshasp,2011-05-31,Action,Dead Mage,Digital Dragon,0,5.0,Mediocre,0,0,75000,3.99
Critical Mass,2011-06-15,"Puzzle, Action",Manic Game Studios,Manic Game Studios,0,8.0,Great,0,0,150000,1.59
Frozen Synapse,2011-06-15,Strategy,Mode 7,Mode 7,0,8.5,Great,183,227,750000,18.99
F.E.A.R. 3,2011-06-21,Shooter,Day 1 Studios,Warner Bros. Interactive Entertainment,18,8.0,Great,310,298,1500000,12.99
Magic: The Gathering -- Duels of the Planeswalkers 2012,2011-06-26,"Card, Battle",Stainless Games Ltd,Wizards of the Coast LLC,0,8.5,Great,935,935,350000,0.0
Solar 2,2011-07-14,Action,Murudai,Murudai,0,8.0,Great,229,402,350000,6.99
Limbo,2011-08-02,Platformer,Playdead,Playdead,0,9.0,Amazing,117,127,3500000,6.99
Runespell: Overture,2011-07-29,RPG,Mystic Box,Mystic Box,0,6.5,Okay,96,127,150000,7.99
Dungeons of Dredmor,2011-07-28,RPG,"Gaslamp Games, Inc.","Gaslamp Games, Inc.",0,8.5,Great,800,1302,750000,3.49
Tobe's Vertical Adventure,2011-07-28,Platformer,Secret Base,Secret Base,0,8.0,Great,17,17,75000,0.79
Cthulhu Saves the World,2011-07-22,RPG,Zeboyd Games,Zeboyd Games,0,8.0,Great,351,388,750000,0.0
Trapped Dead,2011-08-12,Strategy,Headup Games / Crenetic,Headup Games ,0,4.0,Bad,142,157,150000,3.99
Bastion,2011-08-22,"Action, RPG",Supergiant Games,Supergiant Games,0,9.0,Amazing,391,234,3500000,11.39
Trauma,2011-08-09,Simulation,Krystian Majewski,Krystian Majewski,0,7.0,Good,7,7,350000,4.39
E.Y.E.: Divine Cybermancy,2011-08-05,Shooter,Streum On Studio,Streum On Studio,0,5.0,Mediocre,413,533,750000,6.99
Tropico 4,2011-09-13,Strategy,Haemimont Games,Kalypso Media Digital,0,8.5,Great,518,268,3500000,12.49
Men Of War: Vietnam,2011-09-09,Strategy,1C Entertainment,1C Entertainment;1C-SoftClub,0,7.0,Good,10,10,150000,5.59
"Warhammer 40,000: Space Marine",2011-09-08,Shooter,Relic,SEGA,18,7.5,Good,712,537,3500000,19.99
The Baconing,2011-09-02,"Action, RPG",Hothead Games,Hothead Games,0,6.0,Okay,14,14,150000,9.99
From Dust,2011-09-01,Simulation,Ubisoft Montpellier,Ubisoft,0,8.5,Great,358,399,350000,8.59
Red Orchestra 2: Heroes of Stalingrad,2011-09-21,Shooter,Tripwire Interactive,Tripwire Interactive,0,8.0,Great,771,269,3500000,14.99
Rock of Ages,2011-09-19,Action,ACE Team,SEGA,0,7.5,Good,235,231,350000,6.99
Achron,2011-09-16,Strategy,Hazardous Software Inc.,Hazardous Software Inc.,0,5.0,Mediocre,0,0,35000,14.99
Orcs Must Die,2011-10-05,Strategy,Robot Entertainment,Robot Entertainment,0,9.0,Amazing,159,195,1500000,7.99
Rage,2011-10-04,Shooter,id Software,Bethesda Softworks,16,8.5,Great,559,392,1500000,7.99
Dead Rising 2: Off the Record,2011-10-11,"Action, Adventure",Capcom Vancouver,Capcom,18,7.0,Good,435,621,350000,14.99
The Binding of Isaac,2011-10-11,RPG,Edmund McMillen and Florian Himsl,Edmund McMillen,0,7.5,Good,1849,567,3500000,3.99
Off-Road Drive,2011-10-13,Racing,1C-Avalon,1C Entertainment,0,5.0,Mediocre,0,0,75000,3.99
The Haunted: Hells Reach,2011-11-01,Shooter,KTX Software,Signo & Arte,0,5.0,Mediocre,285,333,75000,5.99
Costume Quest,2011-11-01,RPG,Double Fine Productions,Double Fine Productions,0,8.0,Great,219,227,350000,6.99
Dungeon Defenders,2011-11-01,Strategy,Trendy Entertainment,Trendy Entertainment,0,8.5,Great,1993,1205,1500000,9.99
Serious Sam: The Random Encounter,2011-11-03,RPG,Vlambeer;Croteam,Devolver Digital,0,7.0,Good,18,18,750000,3.99
Serious Sam 3: BFE,2011-12-01,Shooter,Croteam,Devolver Digital,0,7.0,Good,378,215,3500000,29.99
The Elder Scrolls V: Skyrim,2011-11-10,RPG,Bethesda Game Studios,Bethesda Softworks,16,9.5,Amazing,7089,3885,15000000,9.99
Saints Row: The Third,2011-11-21,Action,Volition,Deep Silver,18,8.5,Great,1848,1033,3500000,6.99
InMomentum,2011-11-16,Platformer,Digital Arrow,White Rabbit Interactive,0,6.0,Okay,0,0,75000,6.99
Anno 2070,2011-12-02,Strategy,Blue Byte;Related Designs,Ubisoft,0,8.5,Great,879,846,750000,16.99
Oil Rush,2012-01-31,Strategy,Unigine Corp.,Unigine Corp.,0,6.5,Okay,9,9,350000,5.59
SOL: Exodus,2012-01-27,Action,"Bit Planet Games, LLC","Bit Planet Games, LLC",0,5.5,Mediocre,0,0,75000,5.59
Pineapple Smash Crew,2012-02-10,Shooter,RichMakeGame,RichMakeGame,0,5.5,Mediocre,0,0,35000,6.99
The Darkness II,2012-02-07,Shooter,Digital Extremes,2K,18,8.0,Great,191,214,1500000,19.99
Unstoppable Gorg,2012-01-24,Strategy,Futuremark,Futuremark,0,6.5,Okay,37,37,75000,6.99
Kingdoms of Amalur: Reckoning,2012-02-07,RPG,Big Huge Games;38 Studios,38 Studios;Electronic Arts,16,9.0,Amazing,252,170,750000,19.99
Shank 2,2012-02-06,Action,Klei Entertainment,Klei Entertainment,18,8.5,Great,297,256,750000,7.19
Defenders of Ardania,2012-03-19,Strategy,Most Wanted Entertainment,Paradox Interactive,0,4.5,Bad,28,55,35000,8.99
Alan Wake,2012-02-15,Action,Remedy Entertainment,Remedy Entertainment,0,9.0,Amazing,239,228,3500000,11.39
Legend of Grimrock,2012-04-09,RPG,Almost Human Games,Almost Human Games,0,8.5,Great,314,362,750000,10.99
Wargame: European Escalation,2012-03-07,Strategy,Eugen Systems,Eugen Systems,0,8.0,Great,11,11,750000,7.99
King Arthur II: The Role-Playing Wargame,2012-02-14,Strategy,NeocoreGames,Paradox Interactive,0,6.0,Okay,46,46,150000,7.99
Crusader Kings II,2012-03-05,Strategy,Paradox Development Studio,Paradox Interactive,0,8.0,Great,1366,272,3500000,29.99
Rayman Origins,2012-03-29,Platformer,UBIart Montpellier;Feral Interactive (Mac),Ubisoft;Feral Interactive (Mac),0,9.5,Amazing,266,497,350000,8.59
Risen 2: Dark Waters,2012-04-23,RPG,Piranha Bytes,Deep Silver,0,6.5,Okay,1278,1257,1500000,7.99
Lone Survivor,2012-04-20,Adventure,Jasper Byrne,Superflat Games,16,8.5,Great,93,128,750000,11.39
The Witcher 2: Assassins of Kings (Enhanced Edition),2012-04-19,RPG,CD PROJEKT RED,CD PROJEKT RED;1C-SoftClub,0,9.0,Amazing,838,320,3500000,14.99
Insanely Twisted Shadow Planet,2012-04-19,Shooter,Shadow Planet Productions,Microsoft Studios,0,8.0,Great,275,275,350000,11.99
Alan Wake's American Nightmare,2012-05-29,Action,Remedy Entertainment,Remedy Entertainment,0,7.5,Good,71,123,1500000,6.19
Max Payne 3,2012-05-14,Shooter,Rockstar Studios,Rockstar Games,0,9.0,Amazing,464,531,1500000,14.99
Analogue: A Hate Story,2012-05-11,Other,Love Conquers All Games,Love Conquers All Games,0,7.0,Good,167,167,150000,7.19
A Valley Without Wind,2012-05-04,Adventure,"Arcen Games, LLC","Arcen Games, LLC",0,5.5,Mediocre,84,84,350000,0.0
Botanicula,2012-04-26,Adventure,Amanita Design,Amanita Design,0,9.0,Amazing,16,20,350000,7.99
Quantum Conundrum,2012-06-21,Puzzle,Airtight Games,Square Enix,0,8.0,Great,162,220,350000,6.99
Krater,2012-06-20,RPG,Fatshark,Fatshark,0,5.0,Mediocre,369,369,150000,10.99
Sins of a Solar Empire: Rebellion,2012-06-13,Strategy,Ironclad Games;Stardock Entertainment,Stardock Entertainment,0,7.5,Good,507,393,3500000,30.99
Magic: The Gathering -- Duels of the Planeswalkers 2013,2012-06-25,"Card, Battle",Stainless Games,Wizards of the Coast LLC,0,8.5,Great,1070,1903,350000,6.99
Penny Arcade's On the Rain-Slick Precipice of Darkness 3,2012-06-25,RPG,Zeboyd Games,"Penny Arcade, Inc.",0,8.0,Great,0,0,350000,1.69
A Virus Named Tom,2012-08-02,"Puzzle, Action",Misfits Attic,Misfits Attic,0,7.0,Good,92,97,350000,6.99
Orcs Must Die 2,2012-07-27,Strategy,Robot Entertainment,Robot Entertainment,0,9.0,Amazing,429,244,3500000,11.99
LEGO Batman 2: DC Super Heroes,2012-07-06,"Action, Adventure",TT Games,Warner Bros. Interactive Entertainment ,0,8.5,Great,988,1031,350000,14.99
Resonance,2012-07-23,Adventure,XII Games,Wadjet Eye Games,0,7.0,Good,219,219,75000,6.99
Proteus,2013-02-08,Adventure,Ed Key and David Kanaga,Twisted Tree,0,8.5,Great,36,48,350000,6.99
Roller Coaster Rampage,2012-07-02,Simulation,Pantera Entertainment,Pantera Entertainment,0,6.5,Okay,0,0,35000,6.99
Antichamber,2013-01-31,Puzzle,Alexander Bruce,Demruth,0,8.6,Great,176,181,1500000,14.99
Fieldrunners 2,2013-01-25,Strategy,Subatomic Studios LLC,Subatomic Studios LLC,0,8.1,Great,0,0,150000,6.99
Retrovirus,2013-02-20,Shooter,Cadenza Interactive,Cadenza Interactive,0,6.6,Okay,105,105,35000,7.19
BioShock Infinite,2013-03-21,Shooter,Irrational Games;Aspyr (Mac);Virtual Programming (Linux),2K;Aspyr (Mac),18,9.5,Amazing,614,519,3500000,19.99
The Banner Saga: Factions,2013-03-14,"Strategy, RPG",Stoic,Versus Evil,0,7.8,Good,95245,190489,350000,0.0
Sniper: Ghost Warrior 2,2013-03-19,Shooter,City Interactive,CI Games,18,5.0,Mediocre,234,228,1500000,6.99
March of the Eagles,2013-02-27,Strategy,Paradox Development Studio,Paradox Interactive,0,7.9,Good,0,0,75000,14.99
Tomb Raider,2013-02-25,Action,Crystal Dynamics;Eidos-Montréal;Feral Interactive (Mac);Feral Interactive (Linux),Square Enix;Feral Interactive (Mac);Feral Interactive (Linux),18,9.1,Amazing,527,475,7500000,14.99
Cities in Motion 2,2013-04-11,Simulation,Colossal Order Ltd.,Paradox Interactive,0,7.5,Good,157,207,750000,14.99
Warframe,2013-04-03,Shooter,Digital Extremes,Digital Extremes,16,7.0,Good,5845,394,35000000,0.0
Incredipede,2013-03-29,"Puzzle, Adventure",Colin Northway with art by Thomas Shahan,Northway Games,0,8.5,Great,0,0,150000,6.99
The Swapper,2013-06-01,Platformer,"Olli Harjola, Otto Hantula, Tom Jubert, Carlo Castellano",Facepalm Games,0,9.3,Amazing,129,184,750000,11.99
Fez,2013-05-01,Platformer,Polytron Corporation,Trapdoor,0,9.5,Amazing,144,198,1500000,6.99
Grid 2,2013-05-28,Racing,Codemasters Racing;Feral Interactive (Mac),Codemasters;Feral Interactive (Mac),0,8.0,Great,340,243,1500000,19.98
Fallen Enchantress: Legendary Heroes,2013-05-28,Strategy,Stardock Entertainment,Stardock Entertainment,0,8.0,Great,1610,2874,350000,19.49
Sacred Citadel,2013-04-30,Action,Southend,Deep Silver,0,5.9,Mediocre,220,263,750000,7.99
Thunder Wolves,2013-05-27,"Flight, Action",Most Wanted Entertainment,HandyGames,0,6.7,Okay,0,0,150000,7.99
Reus,2013-05-23,Simulation,Abbey Games,Abbey Games,0,6.8,Okay,1293,195,750000,6.99
Monaco,2013-04-24,Action,Pocketwatch Games,Pocketwatch Games,0,9.0,Amazing,183,135,3500000,10.99
Anomaly 2,2013-05-15,Strategy,11 bit studios,11 bit studios,0,8.0,Great,87,115,350000,11.49
Sanctum 2,2013-05-15,Strategy,Coffee Stain Studios,Coffee Stain Publishing,0,8.5,Great,293,203,3500000,11.39
StarDrive,2013-05-13,Strategy,Zero Sum Games,Iceberg Interactive,0,4.5,Bad,0,0,150000,22.99
Papo & Yo,2013-04-18,Adventure,Minority Media Inc.,Minority Media,0,4.0,Bad,158,158,350000,10.99
ShootMania Storm,2013-04-17,Shooter,Nadeo,Ubisoft,0,7.8,Good,507,507,75000,16.99
Mars: War Logs,2013-05-03,"Action, RPG",Spiders,Focus Home Interactive,0,5.3,Mediocre,346,346,350000,11.99
Storm,2013-07-13,"Puzzle, Action",Eko Software,Eko Software,0,4.0,Bad,217,217,35000,6.99
Dark,2013-07-11,Action,Realmforge Studios,Kalypso Media Digital,0,4.0,Bad,75,75,150000,6.99
Gunpoint,2013-06-21,"Puzzle, Action",Suspicious Developments,Suspicious Developments,0,9.0,Amazing,212,242,750000,6.0
The Night of the Rabbit,2013-06-07,Adventure,Daedalic Entertainment,Daedalic Entertainment,0,7.9,Good,96,112,350000,16.99
The Incredible Adventures of Van Helsing,2013-06-07,"Action, RPG",NeocoreGames,NeocoreGames,0,7.0,Good,572,720,750000,10.99
Wargame: AirLand Battle,2013-06-05,Strategy,Eugen Systems,Eugen Systems,0,8.4,Great,1069,1254,750000,14.99
Dungeons & Dragons: Chronicles of Mystara,2013-06-27,Action,Iron Galaxy Studios,Capcom,0,8.3,Great,0,0,150000,11.99
Penny Arcade's On the Rain-slick Precipice of Darkness 4,2013-06-26,RPG,Zeboyd Games,"Penny Arcade, Inc.",0,6.0,Okay,315,342,350000,1.69
Rogue Legacy,2013-07-26,RPG,Cellar Door Games,Cellar Door Games,0,9.0,Amazing,769,644,1500000,10.99
Shadowrun Returns,2013-07-25,RPG,Harebrained Schemes,Paradox Interactive,0,7.3,Good,278,240,1500000,10.99
Gone Home,2013-08-15,Simulation,Fullbright,Fullbright,0,9.5,Amazing,90,129,750000,10.99
Europa Universalis IV,2013-08-15,Strategy,Paradox Development Studio,Paradox Interactive,0,8.9,Great,8138,4572,1500000,34.99
Company of Heroes 2,2013-06-26,Strategy,Relic Entertainment;Feral Interactive (Mac);Feral Interactive (Linux),SEGA;Feral Interactive (Mac);Feral Interactive (Linux),18,8.4,Great,1846,277,3500000,14.99
Magrunner: Dark Pulse,2013-06-25,"Puzzle, Action",Frogwares,Frogwares,0,6.8,Okay,0,0,35000,6.99
Dota 2,2013-07-24,RPG,Valve,Valve,0,9.4,Amazing,23944,801,150000000,0.0
Space Hulk,2013-08-30,Strategy,Full Control Studios,Full Control,0,6.7,Okay,87,87,350000,18.99
Guncraft,2013-08-27,Shooter,Exato Games Studio,Reverb Triple XP,0,6.4,Okay,103,178,150000,10.99
Saints Row IV,2013-08-14,Action,Deep Silver Volition,Deep Silver,16,7.3,Good,1279,1094,3500000,10.99
Amnesia: A Machine for Pigs,2013-09-10,Adventure,The Chinese Room,Frictional Games,0,8.3,Great,100,123,3500000,14.99
Lost Planet 3,2013-08-27,Action,Spark Unlimited,Capcom,0,6.2,Okay,155,155,350000,19.99
PayDay 2,2013-08-13,Shooter,OVERKILL - a Starbreeze Studio.,Starbreeze Publishing AB,18,8.0,Great,3975,890,15000000,7.49
Total War: Rome II,2013-09-06,Strategy,CREATIVE ASSEMBLY,SEGA,0,8.8,Great,5760,1287,3500000,29.99
"Papers, Please",2013-08-12,Simulation,Lucas Pope,3909,0,8.7,Great,674,214,3500000,6.99
Divekick,2013-09-05,Fighting,Iron Galaxy,Iron Galaxy,0,7.0,Good,238,272,350000,3.99
Outlast,2013-09-04,"Action, Adventure",Red Barrels,Red Barrels,0,7.8,Good,751,166,3500000,15.49
The Bureau: XCOM Declassified,2013-08-20,Shooter,2K Marin,2K,16,5.5,Mediocre,201,168,3500000,14.99
Divinity: Dragon Commander,2013-08-07,"Strategy, RPG",Larian Studios,Larian Studios,0,7.8,Good,430,686,350000,29.99
Rise of the Triad,2013-08-06,Shooter,Slipgate Ironworks™,Apogee Software,18,4.3,Bad,280,343,350000,10.99
The Wolf Among Us: Episode 1 -- Faith,2013-10-10,Adventure,Telltale Games,Telltale Games,16,9.0,Amazing,675,616,1500000,11.99
Dragon's Prophet,2013-10-08,RPG,Runewaker,Infernum Productions AG,0,5.1,Mediocre,152,183,350000,0.0
Shadow Warrior,2013-10-02,Shooter,Flying Wild Hog,Devolver Digital,18,8.6,Great,319,227,3500000,29.99
Scribblenauts Unmasked: A DC Comics Adventure,2013-09-25,"Puzzle, Action",5th Cell Media,Warner Bros. Interactive Entertainment,0,9.1,Amazing,124,124,350000,14.99
LEGO Marvel Super Heroes,2013-10-22,Action,Traveller's Tales,Warner Bros. Interactive Entertainment;Feral Interactive (Mac),0,9.0,Amazing,4034,3514,750000,14.99
Path of Exile,2013-11-09,"Action, RPG",Grinding Gear Games,Grinding Gear Games,0,8.8,Great,5263,492,15000000,0.0
The Stanley Parable,2013-10-18,Adventure,Galactic Cafe,Galactic Cafe,0,8.8,Great,170,132,3500000,9.99
Knock-Knock,2013-10-17,Adventure,Ice-Pick Lodge,Ice-Pick Lodge,0,6.2,Okay,507,570,75000,6.99
140,2013-10-16,Platformer,Carlsen Games,Carlsen Games,0,8.0,Great,205,274,350000,3.99
Soundodger,2013-10-15,"Music, Action",Studio Bean,Adult Swim Games,0,7.3,Good,130,130,75000,5.59
Contrast,2013-11-13,"Puzzle, Action",Compulsion Games,Focus Home Interactive,0,7.5,Good,91,91,350000,8.49
Deadfall Adventures,2013-11-27,Shooter,The Farm 51,THQ Nordic,0,4.0,Bad,0,0,150000,17.99
Injustice: Gods Among Us -- Ultimate Edition,2013-11-22,Fighting,NetherRealm Studios;High Voltage Software,Warner Bros. Interactive Entertainment,16,8.2,Great,288,320,1500000,14.99
Batman: Arkham Origins Blackgate -- Deluxe Edition,2013-10-25,Action,WB Games Montreal;Splash Damage,Warner Bros. Interactive Entertainment,16,7.4,Good,538,443,3500000,0.0
Batman: Arkham Origins,2013-10-25,Action,WB Games Montreal;Splash Damage,Warner Bros. Interactive Entertainment,16,7.8,Good,538,443,3500000,0.0
Tiny Brains,2013-12-04,Puzzle,Spearhead Games,Spearhead Games,0,4.5,Bad,132,132,75000,7.19
Redshirt,2013-12-03,Action,The Tiniest Shark,Positech,0,7.4,Good,281,281,35000,6.99
X Rebirth,2013-12-02,Simulation,Egosoft,Egosoft,0,4.3,Bad,1744,3386,350000,24.99
Insurgency,2014-01-28,Shooter,New World Interactive,New World Interactive,0,7.5,Good,712,245,3500000,6.99
Consortium,2014-01-25,Simulation,Interdimensional Games Inc,Interdimensional Games Inc,0,7.2,Good,151,142,350000,6.99
Assassin's Creed Liberation HD,2014-01-18,Action,Ubisoft Sofia,Ubisoft,0,5.2,Mediocre,934,934,150000,16.99
Broken Age: Act 1,2014-01-16,Adventure,Double Fine Productions,Double Fine Productions,0,9.5,Amazing,271,271,750000,11.39
Nidhogg,2014-01-15,Fighting,Messhof,Messhof,0,9.0,Amazing,123,184,750000,6.99
Continue?9876543210,2014-01-15,Adventure,Jason Oda,Jason Oda,0,7.9,Good,0,0,35000,6.99
The Banner Saga,2014-01-14,"Strategy, RPG",Stoic,Versus Evil,0,8.6,Great,164,188,750000,18.74
Metal Gear Rising: Revengeance,2014-01-10,Action,PlatinumGames,Konami Digital Entertainment,18,8.5,Great,863,870,750000,19.99
Ravensword: Shadowlands,2013-12-21,"Action, RPG",Crescent Moon Games,Crescent Moon Games,0,5.6,Mediocre,0,0,150000,4.99
Banished,2014-02-21,Simulation,Shining Rock Software LLC,Shining Rock Software LLC,0,8.3,Great,1209,825,1500000,14.99
Horizon,2014-02-20,Strategy,L3O Interactive,Iceberg Interactive,0,6.5,Okay,84,84,75000,22.99
Samurai Gunn,2013-12-19,Shooter,Teknopants,Maxistentialism,0,8.3,Great,0,0,35000,11.99
Jazzpunk,2014-02-06,Adventure,Necrophone Games,Necrophone Games,0,7.0,Good,305,402,350000,10.99
The LEGO Movie Videogame,2014-02-13,"Action, Adventure",TT Fusion;Traveller's Tales;Feral Interactive (Mac),Warner Bros. Interactive Entertainment;Feral Interactive (Mac),0,6.5,Okay,570,570,350000,14.99
The Castle Doctrine,2014-02-04,Strategy,Jason Rohrer,Jason Rohrer,0,4.5,Bad,38,38,10000,12.49
Octodad: Dadliest Catch,2014-01-30,Adventure,Young Horses,Young Horses,0,7.8,Good,174,250,750000,11.99
Blackguards,2014-01-30,RPG,Daedalic Entertainment,Daedalic Entertainment,0,7.8,Good,174,232,750000,26.99
South Park: The Stick of Truth,2014-03-04,RPG,Obsidian Entertainment,Ubisoft,0,9.0,Amazing,1045,628,3500000,25.99
Castlevania: Lords of Shadow 2,2014-02-25,Action,MercurySteam,Konami Digital Entertainment,16,6.5,Okay,732,732,350000,24.99
Castlevania: Lords of Shadow 2,2014-02-25,Action,MercurySteam,Konami Digital Entertainment,0,6.5,Okay,0,0,150000,9.99
Thief,2014-02-24,"Adventure, Adventure",Eidos-Montréal;Feral Interactive (Mac),Square Enix;Feral Interactive (Mac),16,6.8,Okay,276,192,1500000,19.99
Deus Ex: The Fall,2014-03-24,Shooter,Square Enix,Square Enix,18,3.0,Awful,81,81,750000,7.99
Luftrausers,2014-03-21,Action,Vlambeer,Devolver Digital,0,8.7,Great,260,347,350000,6.99
Betrayer,2014-04-03,"Action, Adventure",Blackpowder Games,Blackpowder Games,0,5.0,Mediocre,112,123,350000,3.99
Age of Wonders III,2014-04-02,Strategy,Triumph Studios,Paradox Interactive,0,7.1,Good,984,861,750000,22.99
Goat Simulator,2014-04-01,Action,Coffee Stain Studios,Coffee Stain Publishing,0,8.0,Great,309,149,3500000,7.19
TowerFall Ascension,2014-03-25,Action,Matt Thorson,Matt Makes Games Inc.,0,8.9,Great,337,340,350000,10.99
"Sir, You are Being Hunted",2014-05-02,Shooter,Big Robot Ltd,Big Robot Ltd,0,7.7,Good,98,120,750000,14.99
Wargame: Red Dragon,2014-04-29,Strategy,Eugen Systems,Focus Home Interactive,0,7.6,Good,1702,2288,750000,24.99
Daylight,2014-04-29,Adventure,Zombie Studios,Zombie Studios,16,5.8,Mediocre,184,184,75000,6.99
Child of Light,2014-04-29,RPG,Ubisoft Montréal,Ubisoft,0,9.3,Amazing,605,818,750000,12.49
The Last Federation,2014-04-29,Strategy,"Arcen Games, LLC","Arcen Games, LLC",0,6.9,Okay,0,0,75000,14.99
"Batman: Arkham Origins -- Cold, Cold Heart",2014-04-25,Action,Armature Studio,WB Games,0,7.0,Good,129,189,750000,14.99
Ether One,2014-04-18,Adventure,White Paper Games,White Paper Games,0,7.9,Good,0,0,75000,14.99
Shovel Knight,2014-06-26,"Platformer, Adventure",Yacht Club Games,Yacht Club Games,0,9.0,Amazing,501,611,750000,18.99
Trials Fusion,2014-04-16,"Racing, Action","RedLynx, in collaboration with  Ubisoft Shanghai, Ubisoft Kiev",Ubisoft,0,8.2,Great,418,480,350000,16.99
Grid Autosport,2014-06-24,Racing,Codemasters Racing;Feral Interactive (Mac);Feral Interactive (Linux),Codemasters;Feral Interactive (Mac);Feral Interactive (Linux),0,8.3,Great,228,417,750000,24.99
Enemy Front,2014-06-17,Shooter,CI Games,CI Games,0,4.7,Bad,116,122,350000,15.99
1001 Spikes,2014-06-08,Platformer,"Nicalis, Inc.","Nicalis, Inc.",0,8.0,Great,214,215,75000,9.99
MouseCraft,2014-07-11,Puzzle,Crunching Koalas,Crunching Koalas,0,7.7,Good,0,0,35000,6.99
Murdered: Soul Suspect,2014-06-03,Adventure,Airtight Games,Square Enix,16,5.5,Mediocre,282,343,750000,19.99
The Incredible Adventures of Van Helsing II,2014-05-30,"Action, RPG",NeocoreGames,NeocoreGames,0,7.4,Good,312,421,350000,10.99
Tropico 5,2014-05-30,Strategy,Haemimont Games,Kalypso Media Digital,0,7.2,Good,292,364,1500000,14.99
Transistor,2014-05-20,"Action, RPG",Supergiant Games,Supergiant Games,0,9.0,Amazing,353,352,1500000,15.49
Wolfenstein: The New Order,2014-05-20,Shooter,Machine Games,Bethesda-Soft,18,7.8,Good,539,630,1500000,14.99
Bound by Flame,2014-05-12,"Action, RPG",Spiders,Focus Home Interactive,0,7.0,Good,731,731,350000,14.99
The Golf Club,2014-08-26,Sports,HB Studios,HB Studios,0,7.0,Good,0,0,35000,22.99
Tesla Effect: A Tex Murphy Adventure,2014-05-07,Adventure,Big Finish Games,SEGA,0,6.8,Okay,82,82,350000,14.99
Orbital Gear,2014-08-21,Shooter,Night Node,Night Node,0,6.5,Okay,80,87,350000,5.99
Metro: Redux,2014-08-19,Shooter,4A Games,Deep Silver,0,8.6,Great,363,328,3500000,14.99
Road Not Taken,2014-08-05,Puzzle,Spry Fox LLC,Spry Fox LLC,0,6.7,Okay,0,0,35000,10.99
Sacred 3,2014-08-05,RPG,Keen Games,Deep Silver,16,6.5,Okay,182,306,350000,10.99
Gods Will Be Watching,2014-07-25,Adventure,Deconstructeam,Devolver Digital,16,8.0,Great,155,183,350000,6.99
Abyss Odyssey,2014-07-24,Action,ACE Team,SEGA,16,6.7,Okay,173,256,350000,10.99
Ancient Space,2014-10-02,Strategy,CreativeForge Games,Paradox Interactive,0,6.6,Okay,0,0,75000,14.99
The Vanishing of Ethan Carter,2014-10-02,Adventure,The Astronauts,The Astronauts,0,8.5,Great,185,217,750000,14.99
Sherlock Holmes: Crimes & Punishments,2014-09-30,Adventure,Frogwares,Focus Home Interactive,0,7.5,Good,464,464,150000,19.99
Wasteland 2,2014-09-24,RPG,inXile Entertainment,inXile Entertainment,18,8.4,Great,564,624,750000,23.79
Fenix Rage,2014-09-24,Platformer,Green Lava Studios,Reverb Triple XP,0,6.0,Okay,0,0,35000,9.99
Endless Legend,2014-09-23,Strategy,AMPLITUDE Studios,SEGA,0,8.3,Great,1045,727,1500000,22.99
Hatoful Boyfriend,2014-09-05,Adventure,Mediatonic;Hato Moa;The Irregular Corporation,Devolver Digital,0,8.0,Great,622,245,350000,6.99
Hack 'n' Slash,2014-09-22,RPG,Double Fine Productions,Double Fine Productions,0,7.7,Good,46,46,350000,9.99
Lichdom: Battlemage,2014-08-29,"Action, RPG",Xaviant,Xaviant Games,0,6.5,Okay,351,366,150000,7.19
Styx: Master of Shadows,2014-10-14,Action,Cyanide Studio,Focus Home Interactive,0,7.2,Good,243,248,750000,24.99
Borderlands: The Pre-Sequel,2014-10-13,"Shooter, RPG",2K Australia;Gearbox Software;Aspyr (Mac);Aspyr (Linux),2K;Aspyr (Mac);Aspyr (Linux),18,8.0,Great,1661,886,3500000,29.99
Costume Quest 2,2014-10-07,RPG,Double Fine Productions,Midnight City ;Majesco Entertainment,0,7.6,Good,0,0,150000,10.99
Spacebase DF-9,2014-11-04,Simulation,Double Fine Productions,Double Fine Productions,0,6.8,Okay,228,228,150000,6.99
Alien: Isolation,2014-10-03,Action,Creative Assembly;Feral Interactive (Mac);Feral Interactive (Linux),SEGA;Feral Interactive (Mac);Feral Interactive (Linux),18,5.9,Mediocre,563,720,1500000,29.99
Call of Duty: Advanced Warfare,2014-11-03,Shooter,Sledgehammer Games;Raven Software,Activision,18,9.1,Amazing,250,267,750000,39.99
Frozen Synapse Prime,2014-11-14,Strategy,Double Eleven,Double Eleven,0,8.7,Great,0,0,75000,18.99
Lords of the Fallen,2014-10-28,"RPG, Action",CI Games;Deck 13,CI Games,16,7.4,Good,456,265,750000,23.79
Screencheat,2014-10-26,Shooter,Samurai Punk,Fellow Traveller;Samurai Punk,0,7.0,Good,122,169,350000,11.39
Gabriel Knight: Sins of the Fathers -- 20th Anniversary Edition,2014-10-24,Adventure,Phoenix Online Studios;Pinkerton Road Studio,Pinkerton Road Studio,0,7.0,Good,305,305,75000,12.99
Far Cry 4,2014-11-14,Shooter,"Ubisoft Montreal, Red Storm, Shanghai, Toronto, Kiev",Ubisoft,0,8.5,Great,1062,977,1500000,25.99
Sid Meier's Civilization: Beyond Earth,2014-10-23,Simulation,Firaxis Games;Aspyr (Mac);Aspyr (Linux),2K;Aspyr (Mac);Aspyr (Linux),0,7.9,Good,932,1552,1500000,29.99
Randal's Monday,2014-12-01,Adventure,Nexus Game Studios,Daedalic Entertainment,0,4.5,Bad,13,13,150000,14.99
Valkyria Chronicles,2014-11-26,"Action, RPG",SEGA,SEGA,0,8.8,Great,892,1068,750000,14.99
Dungeon of the Endless,2014-11-13,"Adventure, RPG",AMPLITUDE Studios,SEGA,0,8.1,Great,648,295,750000,8.99
Depth,2014-11-12,Action,Digital Confectioners,Digital Confectioners,0,7.7,Good,791,486,1500000,14.99
A Bird Story,2014-11-26,RPG,Freebird Games,Freebird Games,0,8.8,Great,257,476,350000,2.79
The Binding of Isaac: Rebirth,2014-11-26,RPG,"Nicalis, Inc.","Nicalis, Inc.",16,9.0,Amazing,4583,3236,3500000,10.99
This War Of Mine,2014-11-25,Strategy,11 bit studios,11 bit studios,0,8.4,Great,512,347,3500000,14.99
Escape Dead Island,2014-11-18,Action,Fatshark,Deep Silver,16,6.8,Okay,0,0,75000,10.99
Blackguards 2,2015-01-16,RPG,Daedalic Entertainment,Daedalic Entertainment,0,7.8,Good,151,158,350000,11.49
The Witcher Adventure Game,2014-12-18,Board,CD PROJEKT RED;Can Explode,CD PROJEKT RED,0,6.9,Okay,26,27,150000,6.99
Neo Scavenger,2014-12-22,Strategy,Blue Bottle Games,Blue Bottle Games,0,7.9,Good,906,1252,150000,11.39
Metal Gear Solid V: Ground Zeroes,2014-12-22,"Action, Adventure",Kojima Productions,Konami Digital Entertainment,18,8.0,Great,320,198,750000,16.99
Dead State,2014-12-18,RPG,DoubleBear Productions,DoubleBear Productions,0,6.8,Okay,1264,1264,75000,14.99
Xeodrifter,2014-12-16,"Action, Adventure",Renegade Kid,Good Shepherd Entertainment,0,6.5,Okay,0,0,75000,6.99
The Talos Principle,2014-12-09,"Puzzle, Adventure",Croteam,Devolver Digital;Croteam,0,8.3,Great,230,186,1500000,29.99
The Crew,2014-12-02,"Racing, Action",Ivory Tower in collaboration with Ubisoft Reflections,Ubisoft,0,6.0,Okay,657,725,350000,25.99
Grow Home,2015-02-07,Platformer,"Reflections, a Ubisoft Studio",Ubisoft,0,8.8,Great,142,162,350000,6.69
Gravity Ghost,2015-02-05,Other,Ivy Games,Ivy Games,0,7.4,Good,0,0,10000,10.99
Apotheon,2015-02-05,"Action, RPG",Alientrap,Alientrap,0,6.9,Okay,716,716,350000,10.99
Life is Strange -- Episode 1: Chrysalis,2015-02-02,Adventure,DONTNOD Entertainment;Feral Interactive (Mac);Feral Interactive (Linux),Square Enix;Feral interactive (Mac);Feral Interactive (Linux),16,6.5,Okay,412,145,7500000,0.0
Supreme League of Patriots,2015-01-31,Adventure,No Bull Intentions,Phoenix Online Publishing,0,5.7,Mediocre,0,0,35000,4.79
StarDrive 2,2015-04-20,Strategy,Zero Sum Games,Iceberg Interactive,0,6.9,Okay,833,833,75000,22.99
Grand Theft Auto V,2015-04-14,"Action, Adventure",Rockstar North,Rockstar Games,18,10.0,Masterpiece,9837,4834,15000000,24.99
I Am Bread,2015-04-13,Puzzle,Bossa Studios,Bossa Studios,0,7.2,Good,146,168,750000,9.99
Grim Fandango Remastered,2015-01-27,Adventure,Double Fine Productions,Double Fine Productions,0,9.3,Amazing,285,322,750000,10.99
Dying Light,2015-01-27,Action,Techland,Techland Publishing,18,8.5,Great,2033,1299,3500000,24.99
Grey Goo,2015-01-23,Strategy,Petroglyph,Grey Box,0,7.6,Good,434,474,350000,22.99
Citizens of Earth,2015-01-23,RPG,Eden Industries,SEGA,0,6.5,Okay,529,579,150000,9.99
Invisible Inc.,2015-05-12,Strategy,Klei Entertainment,Klei Entertainment,0,8.5,Great,325,405,750000,14.99
Titan Souls,2015-04-13,RPG,Acid Nerve,Devolver Digital,0,8.0,Great,46,67,350000,10.99
Audiosurf 2,2015-05-29,"Music, Action",Dylan Fitterer,Dylan Fitterer,0,7.5,Good,507,507,350000,10.99
Aaru's Awakening,2015-03-03,Platformer,Lumenox ehf,Lumenox ehf,0,6.7,Okay,0,0,35000,10.99
Oblitus,2015-02-28,Action,Connor Ullmann,Adult Swim Games,0,7.0,Good,0,0,10000,10.99
Frozen Cortex,2015-02-26,"Strategy, Simulation",Mode 7,Mode 7,0,8.1,Great,0,0,35000,18.99
Homeworld Remastered Collection,2015-02-24,Strategy,Gearbox Software;Aspyr (Mac),Gearbox Publishing;Aspyr (Mac),0,9.0,Amazing,353,419,750000,26.99
Hand of Fate,2015-02-21,"Card, Battle",Defiant Development,Defiant Development,0,7.0,Good,371,297,750000,14.99
The Witcher 3: Wild Hunt,2015-05-12,RPG,CD PROJEKT RED,CD PROJEKT RED,0,9.3,Amazing,3068,2002,7500000,24.99
Wolfenstein: The Old Blood,2015-05-08,Shooter,MachineGames,Bethesda Softworks,18,7.0,Good,245,276,750000,14.99
Pillars of Eternity,2015-03-27,RPG,Obsidian Entertainment,Paradox Interactive,0,9.0,Amazing,1710,2177,1500000,22.99
Sid Meier's Starships,2015-03-14,Strategy,Firaxis Games,2K,0,6.5,Okay,0,0,350000,10.99
Magicka 2,2015-05-28,"Adventure, RPG",Pieces Interactive,Paradox Interactive,0,7.7,Good,198,166,1500000,10.99
Magnetic: Cage Closed,2015-05-27,Puzzle,Guru Games,Good Shepherd Entertainment,0,6.5,Okay,0,0,35000,11.99
Sunless Sea,2015-02-19,Adventure,Failbetter Games,Failbetter Games,0,8.3,Great,417,573,750000,13.99
The Escapists,2015-02-13,"Action, Strategy",Mouldy Toof Studios,Team17 Digital Ltd,0,7.6,Good,826,590,1500000,12.99
Fahrenheit: Indigo Prophecy Remastered,2015-02-12,Adventure,Aspyr;Quantic Dream (original release),Aspyr,0,6.2,Okay,34,34,350000,6.99
Hotline Miami 2: Wrong Number,2015-03-10,Action,Dennaton Games,Devolver Digital,0,8.8,Great,447,309,1500000,11.99
Cities: Skylines,2015-03-10,Simulation,Colossal Order Ltd.,Paradox Interactive,0,8.5,Great,3225,444,7500000,22.99
Sunset,2015-05-21,Adventure,Tale of Tales,Tale of Tales,0,8.0,Great,0,0,10000,14.99
Total War: Attila,2015-02-12,Strategy,CREATIVE ASSEMBLY,SEGA,0,8.1,Great,2147,2926,1500000,29.99
Halo: Spartan Strike,2015-04-21,Shooter,343 Industries;Vanguard Games,Microsoft Studios,0,7.2,Good,6,6,150000,1.99
Dungeons 2,2015-04-21,Strategy,Realmforge Studios,Kalypso Media Digital,0,5.2,Mediocre,282,296,1500000,14.99
Crypt of the Necrodancer,2015-04-21,"Music, Adventure",Brace Yourself Games,Brace Yourself Games;Klei Entertainment,0,8.8,Great,326,290,1500000,10.99
Kerbal Space Program,2015-05-15,Simulation,Squad,Private Division ,0,9.0,Amazing,9223,351,3500000,29.99
Galactic Civilizations III,2015-05-14,Strategy,Stardock Entertainment,Stardock Entertainment,0,8.6,Great,199,264,750000,23.79
Rocket League,2015-07-15,Sports,"Psyonix, Inc.","Psyonix, Inc.",0,8.0,Great,5825,1462,7500000,14.99
Legends of Eisenwald,2015-07-09,RPG,Aterdux Entertainment,Aterdux Entertainment,0,7.3,Good,506,674,150000,14.99
Her Story,2015-06-30,Adventure,Sam Barlow,Sam Barlow,0,8.5,Great,123,146,350000,4.99
Beyond Eyes,2015-08-07,Adventure,Tiger and Squid;Team17 Digital Ltd,Team17 Digital Ltd,0,5.5,Mediocre,763,763,150000,9.99
Submerged,2015-08-07,Adventure,Uppercut Games Pty Ltd,Uppercut Games Pty Ltd,0,6.8,Okay,317,317,350000,14.99
The Magic Circle,2015-07-31,Adventure,Question,Question,0,7.8,Good,75,75,150000,14.99
Guild of Dungeoneering,2015-07-28,RPG,Gambrinous,Versus Evil,0,7.0,Good,542,549,350000,10.99
LEGO Jurassic World,2015-06-22,"Action, Adventure",TT Games Ltd;Feral Interactive (Mac),Warner Bros. Interactive Entertainment;Feral Interactive (Mac),0,7.6,Good,502,619,350000,15.99
F1 2015,2015-07-17,Racing,Codemasters;Feral Interactive (Linux),Codemasters;Feral Interactive (Linux),0,4.8,Bad,305,372,3500000,29.99
Fallout 4,2015-11-09,RPG,Bethesda Game Studios,Bethesda Softworks,18,9.5,Amazing,4822,2904,7500000,19.99
Anno 2205,2015-11-04,Simulation,Blue Byte,Ubisoft,0,7.0,Good,1930,3613,350000,33.99
Minecraft: Story Mode -- Episode 2: Assembly Required,2015-10-30,Adventure,Telltale Games,Telltale Games,0,5.6,Mediocre,399,432,350000,18.99
Warhammer: End Times -- Vermintide,2015-10-29,Action,Fatshark,Fatshark,16,7.2,Good,1200,608,1500000,22.99
Dirt Rally,2015-12-22,Racing,Codemasters Racing Studio;Feral Interactive (Linux);Feral Interactive (Mac),Codemasters;Feral Interactive (Linux);Feral Interactive (Mac),0,8.9,Great,488,251,1500000,24.99
Nuclear Throne,2015-12-16,Action,Vlambeer,Vlambeer,0,9.0,Amazing,682,491,750000,9.29
The Beginner's Guide,2015-10-07,Adventure,Everything Unlimited Ltd.,Everything Unlimited Ltd.,0,8.0,Great,120,120,350000,6.99
Just Cause 3,2015-11-30,Action,Avalanche Studios,Square Enix,18,8.0,Great,2086,438,3500000,11.99
Prison Architect,2015-10-06,Strategy,Introversion Software,Paradox Interactive,0,8.3,Great,1472,717,3500000,23.79
Expand,2015-10-02,Puzzle,Chris Johnson;Chris Larkin,Chris Johnson;Chris Larkin,0,8.0,Great,0,0,75000,4.79
Might & Magic Heroes VII,2015-10-02,Strategy,Limbic Entertainment,Ubisoft,0,6.4,Okay,0,0,150000,33.99
Tom Clancy's Rainbow Six Siege,2015-11-30,Shooter,Ubisoft Montreal,Ubisoft,0,7.9,Good,7504,2543,7500000,16.99
Hard West,2015-11-18,Strategy,CreativeForge Games,Good Shepherd Entertainment,0,7.3,Good,237,435,350000,14.99
Jotun,2015-09-30,Action,Thunder Lotus Games,Thunder Lotus Games,0,8.0,Great,203,216,3500000,11.39
Assault Android Cactus,2015-09-28,Shooter,Witch Beam,Witch Beam,0,8.8,Great,379,379,150000,10.99
Kingdom,2015-10-21,Adventure,Noio;Licorice,Raw Fury,0,7.7,Good,250,199,3500000,3.99
Soma,2015-09-21,Adventure,Frictional Games,Frictional Games,0,8.1,Great,258,347,750000,22.99
Broforce,2015-10-20,Action,Free Lives,Devolver Digital,0,8.8,Great,498,459,1500000,11.99
Rebel Galaxy,2015-10-16,Simulation,Double Damage Games,Double Damage Games,0,8.0,Great,618,912,750000,14.99
Mushroom 11,2015-10-15,Platformer,Untame,Untame,0,9.0,Amazing,373,455,150000,10.99
Darkest Dungeon,2016-01-27,RPG,Red Hook Studios,Red Hook Studios,0,9.1,Amazing,1121,619,3500000,18.99
The Witness,2016-01-25,Puzzle,"Thekla, Inc.","Thekla, Inc.",0,10.0,Masterpiece,630,674,750000,29.99
Lovers in a Dangerous Spacetime,2015-09-16,Platformer,Asteroid Base,Asteroid Base,0,8.5,Great,249,249,350000,10.99
Minecraft: Story Mode -- Episode 1: The Order of the Stone,2015-10-13,Adventure,Telltale Games,Telltale Games,0,7.3,Good,399,432,350000,18.99
Homeworld: Deserts of Kharak,2016-01-23,Strategy,Blackbird Interactive,Gearbox Publishing,0,8.8,Great,26,26,350000,29.99
Tharsis,2016-01-20,Strategy,Choice Provisions,Choice Provisions,0,4.8,Bad,272,272,350000,10.99
Gemini: Heroes Reborn,2016-01-20,Adventure,Phosphor Games,Phosphor Games,16,6.4,Okay,0,0,75000,3.99
Street Fighter V,2016-02-15,Fighting,Capcom,Capcom,0,8.0,Great,793,1203,750000,15.99
Layers of Fear,2016-02-14,Adventure,Bloober Team SA,Aspyr,0,5.8,Mediocre,227,242,3500000,14.99
Shadowrun: Hong Kong,2015-09-11,RPG,Harebrained Schemes,Paradox Interactive,0,8.0,Great,438,767,750000,14.99
Armello,2015-09-09,Board,League of Geeks,League of Geeks,0,5.6,Mediocre,1145,1606,750000,14.99
Pony Island,2016-01-19,Puzzle,Daniel Mullins Games,Daniel Mullins Games,0,9.0,Amazing,224,289,350000,3.99
Punch Club,2016-01-15,"Fighting, Simulation",Lazy Bear Games,tinyBuild,0,6.5,Okay,478,378,750000,6.99
"That Dragon, Cancer",2016-01-15,Adventure,Numinous Games,Numinous Games,0,8.0,Great,0,0,35000,6.99
OxenFree,2016-01-15,Adventure,Night School Studio,Night School Studio,0,8.2,Great,258,382,350000,14.99
Firewatch,2016-02-08,Adventure,Campo Santo,Panic;Campo Santo,0,9.3,Amazing,206,257,750000,14.99
XCOM 2,2016-02-01,Strategy,Firaxis Games;Feral Interactive (Mac);Feral Interactive (Linux),2K;Feral Interactive (Mac);Feral Interactive (Linux),0,9.3,Amazing,1891,1985,1500000,34.99
Metal Gear Solid V: The Phantom Pain,2015-08-24,Action,Konami Digital Entertainment,Konami Digital Entertainment,18,10.0,Masterpiece,3007,2478,1500000,24.99
Volume,2015-08-18,Action,Bithell Games,Bithell Games,0,8.1,Great,76,76,150000,14.99
Bombshell,2016-01-29,Action,Slipgate Ironworks™,3D Realms,0,6.9,Okay,0,0,35000,29.99
Virginia,2016-09-22,Adventure,Variable State,505 Games,0,8.5,Great,219,219,150000,6.99
Rive,2016-09-14,Shooter,Two Tribes,Two Tribes Publishing,0,6.5,Okay,95,161,350000,10.99
Pac-Man Championship Edition 2,2016-09-13,Action,BANDAI NAMCO Studios Inc.,BANDAI NAMCO Entertainment,0,7.5,Good,27,27,75000,9.99
Project Highrise,2016-09-09,Simulation,SomaSim,Kasedo Games,0,7.0,Good,224,351,350000,14.99
The Turing Test,2016-08-31,Puzzle,Bulkhead Interactive,Square Enix,0,7.0,Good,357,434,350000,14.99
1979 Revolution,2016-04-21,"Action, Adventure",iNK Stories;N-Fusion Interactive,iNK Stories,0,8.0,Great,0,0,75000,4.79
The Banner Saga 2,2016-04-19,"Strategy, RPG",Stoic,Versus Evil,0,8.9,Great,331,331,350000,18.74
Stardew Valley,2016-03-25,"RPG, Simulation",ConcernedApe,ConcernedApe,0,8.8,Great,2868,1728,3500000,10.99
Hyper Light Drifter,2016-04-14,"Action, RPG",Heart Machine,Heart Machine,0,7.6,Good,275,354,750000,14.99
Tom Clancy's The Division,2016-03-17,Shooter,Massive Entertainment,Ubisoft,18,6.7,Okay,4252,1952,3500000,41.99
Salt and Sanctuary,2016-05-23,"Action, RPG",Ska Studios,Ska Studios,16,8.6,Great,623,813,350000,13.59
Enter the Gungeon,2016-04-05,Shooter,Dodge Roll,Devolver Digital,0,8.5,Great,1625,1060,1500000,10.99
Dark Souls III,2016-04-04,"Action, RPG","FromSoftware, Inc.","FromSoftware, Inc.;BANDAI NAMCO Entertainment",0,9.5,Amazing,4222,1776,3500000,39.99
The Technomancer,2016-06-28,RPG,Spiders,Focus Home Interactive,0,4.9,Bad,67,67,150000,23.99
Alekhine's Gun,2016-03-11,Action,Maximum Games,Maximum Games;KISS ltd,0,3.0,Awful,0,0,35000,29.99
Grim Dawn,2016-03-07,"Action, RPG",Crate Entertainment,Crate Entertainment,0,8.7,Great,3651,1539,1500000,19.99
Total War: Warhammer,2016-05-19,Strategy,CREATIVE ASSEMBLY;Feral Interactive (Linux);Feral Interactive (Mac),SEGA;Feral Interactive (Linux);Feral Interactive (Mac),0,8.6,Great,3610,4356,1500000,39.99
Homefront: The Revolution,2016-05-17,Shooter,Dambuster Studios,Deep Silver,18,5.0,Mediocre,408,484,750000,24.99
Doom,2016-05-16,Shooter,id Software,Bethesda Softworks,18,7.1,Good,751,560,3500000,14.99
Stellaris,2016-05-09,Strategy,Paradox Development Studio,Paradox Interactive,0,6.3,Okay,2729,1563,3500000,34.99
Adr1ft,2016-03-28,Adventure,THREE ONE ZERO,505 Games,0,6.0,Okay,0,0,75000,14.99
The Flame in the Flood,2016-03-03,Adventure,The Molasses Flood,The Molasses Flood;Curve Digital,0,7.3,Good,125,125,750000,14.99
Devil Daggers,2016-02-27,Shooter,Sorath,Sorath,0,8.5,Great,216,399,350000,3.99
Superhot,2016-02-25,Action,SUPERHOT Team,SUPERHOT Team,0,7.5,Good,212,203,1500000,17.99
Battleborn,2016-05-06,Shooter,Gearbox Software,2K,0,7.1,Good,652,752,750000,0.0
Hearts of Iron IV,2016-06-06,Strategy,Paradox Development Studio,Paradox Interactive,0,9.0,Amazing,9413,4181,1500000,34.99
Dangerous Golf,2016-06-03,"Sports, Action",Three Fields Entertainment,Team17 Digital Ltd,0,6.0,Okay,1,1,150000,14.99
Battlefleet Gothic: Armada,2016-04-22,Strategy,Tindalos Interactive,Focus Home Interactive,0,7.1,Good,856,1647,350000,24.99
Master of Orion,2016-08-26,Strategy,NGD Studios,Wargaming Labs,0,7.1,Good,0,0,350000,22.99
Quadrilateral Cowboy,2016-07-28,Puzzle,Blendo Games,Blendo Games,0,8.5,Great,316,316,75000,14.99
F1 2016,2016-08-24,Racing,Codemasters;Feral Interactive (Mac),Codemasters;Feral Interactive (Mac),0,8.8,Great,1397,1777,350000,39.99
Deus Ex: Mankind Divided,2016-08-19,"Action, RPG",Eidos Montreal;Feral Interactive (Linux);Feral Interactive (Mac),Square Enix;Feral Interactive (Linux);Feral Interactive (Mac),18,9.2,Amazing,798,977,1500000,19.99
Necropolis,2016-07-14,"Action, Adventure",Harebrained Schemes,Paradox Interactive;Bandai Namco,0,6.5,Okay,27,27,350000,22.99
Furi,2016-07-13,Action,The Game Bakers,The Game Bakers,0,6.8,Okay,535,682,750000,14.99
Grow Up,2016-08-18,Platformer,"Reflections, a Ubisoft Studio",Ubisoft,0,7.8,Good,323,323,75000,8.59
Starbound,2016-07-28,Action,Chucklefish,Chucklefish,0,9.1,Amazing,3556,2055,3500000,11.99
Inside,2016-06-28,Adventure,Playdead,Playdead,0,10.0,Masterpiece,297,408,750000,14.99
